review_key,nobel_api_id,laureate_name,candidate_title,candidate_role,classification,technicality_score,classification_confidence,relationship_confidence,relationship_status,warning_flags,reviewer_decision,reviewer_reason,reviewer
102::b803fc08224bf9b7bca74d4fde0fe83bfc747576c66ae361eeed019d34a285f0::author,102,Aage N. Bohr,Atomic interaction in penetration phenomena,author,unknown,0.55,0.7,0.65,needs_review,low_relationship_confidence|low_classification_confidence,,,
102::940eadaed014c337bd66bc6398f0cef3a790e4b2dcd08c97fa6b04479bceb1a3::author,102,Aage N. Bohr,Atomic interaction in penetration phenomena.,author,unknown,0.35,0.45,0.65,needs_review,low_relationship_confidence|low_classification_confidence,,,
102::f2abf55286f0c59a4475676eb15f4390fb66c3c723e89486a28f64eaad94327b::author,102,Aage N. Bohr,Collective and individual-particle aspects of nuclear structure,author,unknown,0.35,0.45,0.65,needs_review,low_relationship_confidence|low_classification_confidence,,,
102::9580f936f64586d62af27e2319d2a655e82e9c69ce5c8206422b995680650c7b::author,102,Aage N. Bohr,Collective and individual-particle aspects of nuclear structure,author,unknown,0.35,0.45,0.65,needs_review,low_relationship_confidence|low_classification_confidence,,,
102::1d5d54f03cebd9b5e6e1b1494ca1c4e6079855169c1a0ff36bc00426196a939b::author,102,Aage N. Bohr,Moments of inertia of rotating nuclei,author,unknown,0.35,0.45,0.65,needs_review,low_relationship_confidence|low_classification_confidence,,,
102::6169240f8b5963b6ad93b17f44fba911e0c28cfab898dd2f151379dd8ff74fee::author,102,Aage N. Bohr,Nobel lectures 1975,author,unknown,0.35,0.45,0.65,needs_review,low_relationship_confidence|low_classification_confidence,,,
102::4aad2d951a7f16322e736fecb2773fa9a105766ec4369a5e2d87fffc34f3b1fa::author,102,Aage N. Bohr,Nuclear Structure,author,unknown,0.35,0.45,0.65,needs_review,low_relationship_confidence|low_classification_confidence,,,
102::dd24bb1a5eacd532177ac3c105121251956949af0108fedbc9e59bed2327b88b::author,102,Aage N. Bohr,Nuclear Structure,author,unknown,0.79,0.7,0.65,needs_review,low_relationship_confidence|low_classification_confidence,,,
102::ffa18df457464e16f3a2455709a99fca3e749d4abfcd55f0fe78990487488f73::author,102,Aage N. Bohr,On the fine structure in Alpha decay,author,unknown,0.55,0.7,0.65,needs_review,low_relationship_confidence|low_classification_confidence,,,
102::b4ca453293644e38895d98ce2008c7afd0e39d9f87214f6856cdac961d2a35af::author,102,Aage N. Bohr,Rotational states of atomic nuclei,author,unknown,0.35,0.45,0.65,needs_review,low_relationship_confidence|low_classification_confidence,,,
102::f2e3db1c1874b05d5c2c17a84b314191b206be2624a6e7ef439faea4be15cce4::author,102,Aage N. Bohr,The coupling of nuclear surface oscillations to the motion of individual nucleons,author,unknown,0.67,0.7,0.65,needs_review,low_relationship_confidence|low_classification_confidence,,,
779::5d3583de1522b755f76b5b17e6a1cc5a9d0f90d12f8bed3fe5a64ee49b5735fb::author,779,Aaron Ciechanover,Q136803662,author,unknown,0.35,0.45,0.65,needs_review,low_relationship_confidence|low_classification_confidence,,,
866::aeab72a48600f8a22ab07cd0af34a5956e7de19c1398b6f4c2239b4a36e91e47::unknown,866,Adam G. Riess,Cosmological results from high-z supernovae,unknown,unknown,0.35,0.45,0.0,rejected,low_relationship_confidence|low_classification_confidence,,,
866::c959325d4694b750053965cbb74d73b5992a1c6d547050754ba011d70cd550c4::unknown,866,Adam G. Riess,New Hubble space telescope discoveries of type Ia supernovae at z≥ 1: narrowing constraints on the early behavior of dark energy,unknown,unknown,0.35,0.45,0.0,rejected,low_relationship_confidence|low_classification_confidence,,,
866::a91b8cebd808aac0e767acc18413b5d2416ab39949ed8bebdf53a4fb07806ed6::unknown,866,Adam G. Riess,Observational evidence from supernovae for an accelerating universe and a cosmological constant,unknown,unknown,0.35,0.45,0.0,rejected,low_relationship_confidence|low_classification_confidence,,,
866::8c6b0733645b1e2a5a95518606f1d1f650a819a1f3c461fb46cf8e0025b3da83::unknown,866,Adam G. Riess,The high-Z supernova search: measuring cosmic deceleration and global curvature of the universe using type Ia supernovae,unknown,unknown,0.35,0.45,0.0,rejected,low_relationship_confidence|low_classification_confidence,,,
866::97bb12f6762d29253c1303e7fcbe900304ca5be751d3539d43f199573443e962::unknown,866,Adam G. Riess,The seventh data release of the Sloan Digital Sky Survey,unknown,unknown,0.35,0.45,0.0,rejected,low_relationship_confidence|low_classification_confidence,,,
866::a7b6e33183472c863a3ac8fe57c2f0166c1f2e9c7c8232e7b57e32433711de58::unknown,866,Adam G. Riess,Type Ia supernova discoveries at z> 1 from the Hubble Space Telescope: Evidence for past deceleration and constraints on dark energy evolution,unknown,unknown,0.35,0.45,0.0,rejected,low_relationship_confidence|low_classification_confidence,,,
199::62f530de27b3e27fc1924a4149781ee8bfbdfa95562f66bc2f33938090a248db::unknown,199,Adolf Butenandt,"Adolf Butenandt und die Kaiser-Wilhelm-Gesellschaft: Wissenschaft, Industrie und Politik im ""Dritten Reich""",unknown,unknown,0.35,0.45,0.0,rejected,low_relationship_confidence|low_classification_confidence,,,
164::707dc99b66a01d82bf30c1e6745e914fb2d17d780131c1e902290aaf6dbd2e95::author,164,Adolf von Baeyer,Adolf von Baeyer's gesammelte werke.,author,unknown,0.35,0.45,0.65,needs_review,low_relationship_confidence|low_classification_confidence,,,
164::1d1e9cecf9321c1a6a0b75db84a465467a6dbe4b7ab5a5f589d4b4dd1bf1d650::author,164,Adolf von Baeyer,Das neue chemische Laboratorium der Akademie der Wissenschaften zu München,author,unknown,0.35,0.45,0.65,needs_review,low_relationship_confidence|low_classification_confidence,,,
164::67b4e7b13c673caa4539b90af94b653e13eebd880779d21b7c7d5f96ad2162ee::author,164,Adolf von Baeyer,Gelehrte im für und wider,author,unknown,0.2,0.7,0.65,needs_review,low_relationship_confidence|low_classification_confidence,,,
164::d8ef71b3eae4a7de42a855401a4fca65a9bf98b9d78deb9f12a8be43e1e2fca5::author,164,Adolf von Baeyer,Liebig's verdienste um den unterricht in den naturwissenschaften,author,unknown,0.35,0.45,0.65,needs_review,low_relationship_confidence|low_classification_confidence,,,
164::872e08d92e11f4a64980f38e7619d64de841d737eba97a43450203eda9ed1d9f::author,164,Adolf von Baeyer,Ueber den kreislauf des kohlenstoffs in der organischen natur,author,unknown,0.35,0.45,0.65,needs_review,low_relationship_confidence|low_classification_confidence,,,
164::e9617a4da1f0478edb0d1481e2104f3463c35883636a828a35b2c344ac558454::author,164,Adolf von Baeyer,Ueber die chemische Synthese,author,unknown,0.35,0.45,0.65,needs_review,low_relationship_confidence|low_classification_confidence,,,
292::ab70e332a22538c2678eb81bc95ede369d510c8baf693b6663c81c26d41a0e1e::author,292,Ahmed Zewail,4D electron microscopy,author,unknown,0.55,0.7,0.65,needs_review,low_relationship_confidence|low_classification_confidence,,,
292::134f2ec00cc16ea1a397fc3d4d2fd0f3510b6de6f44935e7a5359d77f3764b4d::author,292,Ahmed Zewail,4d Visualization of Matter,author,unknown,0.35,0.45,0.65,needs_review,low_relationship_confidence|low_classification_confidence,,,
292::ea84627612c2f8b21aa1b18728411fff7d6cb1c70360f99f8f4f6fa53af21872::author,292,Ahmed Zewail,Advances in Laser Chemistry,author,unknown,0.35,0.45,0.65,needs_review,low_relationship_confidence|low_classification_confidence,,,
292::cab188ffcbb9ba86337ff7c087d83255cc74b47ccbc28fc7af074301fb45ca96::author,292,Ahmed Zewail,"Advances in laser spectroscopy I, August 23-24, 1977, San Diego, California",author,unknown,0.55,0.7,0.65,needs_review,low_relationship_confidence|low_classification_confidence,,,
292::644e5bea11ccaa0d7a380da758d8e55783551b110045b273f112cf81d9d30ce7::author,292,Ahmed Zewail,Age of Science,author,unknown,0.35,0.45,0.65,needs_review,low_relationship_confidence|low_classification_confidence,,,
292::15ceed2ecceca7ebb3d070baffa0e4349d2ba4e09f09c49bf6ebe2b6d7872c38::author,292,Ahmed Zewail,Beyond science,author,unknown,0.35,0.45,0.65,needs_review,low_relationship_confidence|low_classification_confidence,,,
292::90ed23f8e59e3a19ee4a9ad528e937595a3d58b454ae5da66ad5eef02aaded39::unknown,292,Ahmed Zewail,Encyclopedia of Analytical Chemistry,unknown,unknown,0.55,0.7,0.0,rejected,low_relationship_confidence|low_classification_confidence,,,
292::8973dac8dd7bdd43f4a215e52fcf02a64e60bcbaf5aa92cc7cd4950b77bacaad::author,292,Ahmed Zewail,Femtochemistry,author,unknown,0.55,0.7,0.65,needs_review,low_relationship_confidence|low_classification_confidence,,,
292::191bd4e09441b647eef53d0a7881e00ca71ff3cd47c87458c90d9a552283f650::author,292,Ahmed Zewail,Femtochemistry,author,unknown,0.67,0.7,0.65,needs_review,low_relationship_confidence|low_classification_confidence,,,
292::b41101b4760f209696298963bb5558107a80e4e23ff3d06b159c66ca758b76e9::author,292,Ahmed Zewail,Femtochemistry Vol. 1,author,unknown,0.35,0.45,0.65,needs_review,low_relationship_confidence|low_classification_confidence,,,
292::29423f7a91807e43d1798d01c780339d5baa1d3b66925eb9bcdea123b1f8c88b::author,292,Ahmed Zewail,Femtochemistry Vol. 2,author,unknown,0.35,0.45,0.65,needs_review,low_relationship_confidence|low_classification_confidence,,,
292::177c7608b878c3397def602d4ebfcc0ccbff7195c2d89ad839f18821b03a31be::author,292,Ahmed Zewail,Laser and molecular beam studies of chemical reaction dynamics,author,unknown,0.67,0.7,0.65,needs_review,low_relationship_confidence|low_classification_confidence,,,
292::1cc0d52fb4e25bea6f0c579076b3f979dbbc863ae4bfac51dfc8aaceb45147a5::author,292,Ahmed Zewail,Parcours d'un prix Nobel,author,unknown,0.55,0.7,0.65,needs_review,low_relationship_confidence|low_classification_confidence,,,
292::16df99bba4e15c7027e935a5e9b3a557ed304593bb668afcac8ba7a3e40938cb::unknown,292,Ahmed Zewail,Personal and Scientific Reminiscences: Tributes to Ahmed Zewail,unknown,unknown,0.1,0.7,0.0,rejected,low_relationship_confidence|low_classification_confidence,,,
292::baaddb3cc701a33fde3979fba6fcb26373b4887c17d708b118d64366cfb35004::author,292,Ahmed Zewail,Photochemistry and photobiology,author,unknown,0.55,0.7,0.65,needs_review,low_relationship_confidence|low_classification_confidence,,,
292::9bfe1a99344f28f1ece7503453d8e3859e407fdf0d57fcb9911992fe7bc04cd1::author,292,Ahmed Zewail,Physical biology,author,unknown,0.79,0.7,0.65,needs_review,low_relationship_confidence|low_classification_confidence,,,
292::4c5a6cc1545875114db114f683704c47e79214e8f990491e565f6d6f5babce0a::author,292,Ahmed Zewail,Reflections on world affairs,author,unknown,0.2,0.7,0.65,needs_review,low_relationship_confidence|low_classification_confidence,,,
292::ecf876304bfc5016fc6243dcd3c3c98a1c83cb1bf3298e9c96fb729b354db0db::author,292,Ahmed Zewail,Reise Durch Die Zeit,author,unknown,0.35,0.45,0.65,needs_review,low_relationship_confidence|low_classification_confidence,,,
292::84a8000761acb6e3a2e64d97dad07ed588c36b51d24f2371d89b87f9129b98bd::author,292,Ahmed Zewail,"Reminiscences of Ahmed H. Zewail : Photons, Electrons, and What Else? : A Portrait from Close Range",author,unknown,0.1,0.7,0.65,needs_review,low_relationship_confidence|low_classification_confidence,,,
292::7c697474981b3f160de010894aed0dfeeab9f4958aca0c3d5ecd9a6269f1ad3a::unknown,292,Ahmed Zewail,"Reminiscences of Ahmed H. Zewail: Photons, Electrons and What Else? A Portrait from Close Range. Remembrances of his Group Members and Family",unknown,unknown,0.1,0.7,0.0,rejected,low_relationship_confidence|low_classification_confidence,,,
292::a5448e669e7f8c43f20c753ccb91b1ce5ed6b2675d8b1d5927f1e3731a41cb1d::author,292,Ahmed Zewail,The Chemical bond,author,unknown,0.79,0.7,0.65,needs_review,low_relationship_confidence|low_classification_confidence,,,
292::e878948279b2f2ac7e0ad39691799acd523fdf81337300cedf1f48093ec8f6f8::author,292,Ahmed Zewail,Time's mysteries and miracles,author,unknown,0.67,0.7,0.65,needs_review,low_relationship_confidence|low_classification_confidence,,,
292::da43aa7eb772b40f9cc5592101f0ae3ad2982e3fc3031dfed23b1831095f421e::author,292,Ahmed Zewail,Ultrafast Phenomena IX,author,unknown,0.35,0.45,0.65,needs_review,low_relationship_confidence|low_classification_confidence,,,
292::4a0847ba0de5f14fc09ab81eacf361ddcd657a771fe85a18fc746a7dad030879::author,292,Ahmed Zewail,Viaje a Traves del Tiempo Senderos Hacia El Premio Nobel Ciencia y Tecnologia,author,unknown,0.35,0.45,0.65,needs_review,low_relationship_confidence|low_classification_confidence,,,
292::0cc43ea742188f77769f76f798bf80dcdd8ead14d9a6888cd27f63f2809eb53e::author,292,Ahmed Zewail,Voyage Through Time,author,unknown,0.1,0.7,0.65,needs_review,low_relationship_confidence|low_classification_confidence,,,
292::4a05e9ab1b8fcfd3352eaea1099a3f42a128f11c6c31fd2754086700ca77eb36::author,292,Ahmed Zewail,Voyage through time,author,unknown,0.1,0.7,0.65,needs_review,low_relationship_confidence|low_classification_confidence,,,
292::d5b0a37bccf2b929ee5f8c24714dded2c6dd9bbd1cf4a892656d69522a1b5534::unknown,292,Ahmed Zewail,[[Age of Science]],unknown,unknown,0.1,0.7,0.0,rejected,low_relationship_confidence|low_classification_confidence,,,
292::d4176969228a925158dc79f2b66c36a805a16b1e77529f0048f3b08a41fa97fb::author,292,Ahmed Zewail,ʻAṣr al-ʻilm,author,unknown,0.35,0.45,0.65,needs_review,low_relationship_confidence|low_classification_confidence,,,
292::a347279ef04c41d1f175e1d6a320f0bcb623d0ed12346505516550c97e071e08::author,292,Ahmed Zewail,زويل.. المدينة,author,unknown,0.35,0.45,0.65,needs_review,low_relationship_confidence|low_classification_confidence,,,
1012::2899d73bfac9b7baa6b45ac92332f45ca29dff8ff560242fba0794fbfce97a8f::author,1012,Alain Aspect,Aspect's experiment,author,unknown,0.35,0.45,0.65,needs_review,low_relationship_confidence|low_classification_confidence,,,
11::e84812264e596d0f8756c4e49511f8a724ad4c8b1240f4b2dd172f234c68d6e9::author,11,Albert A. Michelson,Interference Phenomena in a new form of Refractometer,author,unknown,0.35,0.45,0.65,needs_review,low_relationship_confidence|low_classification_confidence,,,
11::03e542f929a1a41fc4613452c807e6c5c15e7709f803a096d5c4cc56c7a7fb33::author,11,Albert A. Michelson,Light waves and their uses,author,unknown,0.35,0.45,0.65,needs_review,low_relationship_confidence|low_classification_confidence,,,
11::f20413f0f1adb1e49f5917450ec5e2ad0d0a2d1ea6e087e28c7d28f09cbc04ff::author,11,Albert A. Michelson,Report of the Committee on Oceanography of the National Academy of Sciences,author,unknown,0.35,0.45,0.65,needs_review,low_relationship_confidence|low_classification_confidence,,,
26::eaf85d09c370d79524e7b32fa0e1c84fc52ab6fbe7173d711c9a8104d309041a::author,26,Albert Einstein,Albert Einstein: philosopher-scientist,author,unknown,0.35,0.45,0.65,needs_review,low_relationship_confidence|low_classification_confidence,,,
26::f5ef1205c1b32da2c85eba580c3ae98882c6af47bea784ca02d7c99083059026::author,26,Albert Einstein,Annus Mirabilis papers,author,unknown,0.35,0.45,0.65,needs_review,low_relationship_confidence|low_classification_confidence,,,
26::06ff7a7ae7a88d440dc337d7219c96437f93684c56f84010e25f5350c1559845::author,26,Albert Einstein,Einstein's Collected Works,author,unknown,0.35,0.45,0.65,needs_review,low_relationship_confidence|low_classification_confidence,,,
26::e29cc5c04dbed3a8352f2e675d911d5dd5d11b4aa7931bc1249388069ddfb6c1::author,26,Albert Einstein,Ether and the Theory of Relativity,author,unknown,0.57,0.7,0.65,needs_review,low_relationship_confidence|low_classification_confidence,,,
26::6a44ea7e4bcfa256785e00713da7f3cea47c13a755d3c3978a8e050f342c8ac8::author,26,Albert Einstein,Geometry and Experience,author,unknown,0.35,0.45,0.65,needs_review,low_relationship_confidence|low_classification_confidence,,,
26::aa6bd7081e93da062827a48ac5a9938c2290538bddb4ed5965703868cde32bc2::author,26,Albert Einstein,Great spirits have always encountered violent opposition from mediocre minds.,author,unknown,0.35,0.45,0.65,needs_review,low_relationship_confidence|low_classification_confidence,,,
26::cbde4a70680b909af3886302e1257ebd35064ef797fde1dd0182f765bcd6a188::author,26,Albert Einstein,On a Heuristic Point of View about the Creation and Conversion of Light,author,unknown,0.35,0.45,0.65,needs_review,low_relationship_confidence|low_classification_confidence,,,
26::1bd28f6c9f173542830e091eb887e625eb1086e052f083b9f4c284847c83377e::author,26,Albert Einstein,Q117157203,author,unknown,0.35,0.45,0.65,needs_review,low_relationship_confidence|low_classification_confidence,,,
26::e5cec9b3e8c1b7b748bd64e412910e3a70edf4937d8f3e1f6918fe932c4e29e8::author,26,Albert Einstein,Q117167698,author,unknown,0.35,0.45,0.65,needs_review,low_relationship_confidence|low_classification_confidence,,,
26::d918f534575fdf710e78ba813cafaf5a29dd2bcbaf7adcb0021b31d31f65ddf4::author,26,Albert Einstein,Q121974606,author,unknown,0.35,0.45,0.65,needs_review,low_relationship_confidence|low_classification_confidence,,,
26::9af8db7d53fab75bec6be0be821603a0044414b82675461e451d251b65ee98c9::author,26,Albert Einstein,Q122071132,author,unknown,0.35,0.45,0.65,needs_review,low_relationship_confidence|low_classification_confidence,,,
26::80cad933322a2d5edbdb850bae3802bcc145328a8a7046b30509b1323300b5e1::author,26,Albert Einstein,Q131566395,author,unknown,0.35,0.45,0.65,needs_review,low_relationship_confidence|low_classification_confidence,,,
26::c483a28d76dadd62da3e5d8b66ec6fbfd6392405fcda9b556725b97d3b26be00::author,26,Albert Einstein,Q131931305,author,unknown,0.35,0.45,0.65,needs_review,low_relationship_confidence|low_classification_confidence,,,
26::aad93ead1e3f9dc6f15688888835d0abfb277d51a6ee83fdf4558c27c72aad01::author,26,Albert Einstein,Q134726609,author,unknown,0.35,0.45,0.65,needs_review,low_relationship_confidence|low_classification_confidence,,,
26::dd6261022965117c7844ca9fd0d81e8e6c0f49314c2828d1423f082e540c6445::author,26,Albert Einstein,Q138561922,author,unknown,0.35,0.45,0.65,needs_review,low_relationship_confidence|low_classification_confidence,,,
26::5923cba6b61219efd35ede80de1be5b682467e685461e733ae149e12d721b99b::author,26,Albert Einstein,Q21501058,author,unknown,0.35,0.45,0.65,needs_review,low_relationship_confidence|low_classification_confidence,,,
26::ecb1be95c9dd60ecbe85f908d70b230055604d2858bf93f4b2a45a82639b8e7f::author,26,Albert Einstein,Q60985311,author,unknown,0.35,0.45,0.65,needs_review,low_relationship_confidence|low_classification_confidence,,,
26::b278ae93bb4f4c2058e65457ce2b9384fb3461173b7ab7f4947f728a34d4615e::author,26,Albert Einstein,Relativity: The Special and the General Theory,author,unknown,0.35,0.45,0.65,needs_review,low_relationship_confidence|low_classification_confidence,,,
26::e028c02288f06526cb7337efcac2089949346634105efac32b1c4c0ad7577efd::author,26,Albert Einstein,The Meaning of Relativity (1922),author,unknown,0.35,0.45,0.65,needs_review,low_relationship_confidence|low_classification_confidence,,,
26::4aadadaa9f1bc4583d57a97803c73fbcd79d5b318eae40d68f38137eeb61008c::author,26,Albert Einstein,The Oxford Book of Modern Science Writing,author,unknown,0.35,0.45,0.65,needs_review,low_relationship_confidence|low_classification_confidence,,,
26::16a3282b347fd03c41ff9c1dccf1fe804126764a110aa30fdccf2b358dcfdac0::author,26,Albert Einstein,The principle of relativity: a collection of original memoirs on the special and general theory of relativity,author,unknown,0.1,0.7,0.65,needs_review,low_relationship_confidence|low_classification_confidence,,,
26::86a260586443ec03d7840ac68082a44981e14fa36584dc2d29eaca1d358115b1::author,26,Albert Einstein,Why Socialism?,author,unknown,0.35,0.45,0.65,needs_review,low_relationship_confidence|low_classification_confidence,,,
26::2e08c11754358d7900a2b3b51cfa1f3cd03dcafbffb21add855f946f352cbd18::author,26,Albert Einstein,Why War?,author,unknown,0.35,0.45,0.65,needs_review,low_relationship_confidence|low_classification_confidence,,,
332::eac5e62e9e140a3381b44d6e841c20e70e1f8fb7b48faff5e85e0eb984b421d1::author,332,Albert Szent-Györgyi,Bioenergetics,author,unknown,0.35,0.45,0.65,needs_review,low_relationship_confidence|low_classification_confidence,,,
332::295590e42cd99f3b5fc21f4decc239cdd8f0e09b35944c5c7fdf513a3714edf3::author,332,Albert Szent-Györgyi,Chemistry of muscular contraction,author,unknown,0.35,0.45,0.65,needs_review,low_relationship_confidence|low_classification_confidence,,,
304::d5ea74e55473f3fd09ecec4cc13910d3b35a33cdffe9c3801e98932458b4fe4e::author,304,Albrecht Kossel,Gewebelehre mit besonderer Berücksichtigung des menschlichen Körpers.,author,unknown,0.35,0.45,0.65,needs_review,low_relationship_confidence|low_classification_confidence,,,
83::0ce0e1936ffdd88686ac548b51232883f2f23ac6b2bcd1a6006e97bc702620d0::editor,83,Aleksandr M. Prokhorov,Great Soviet Encyclopedia,editor,unknown,0.55,0.7,0.65,needs_review,low_relationship_confidence|low_classification_confidence,,,
83::b3a1fc139cc3f100b2de9cf6abea3ffa6645e178d79d9921cc31c2101ea81c35::editor,83,Aleksandr M. Prokhorov,"Great Soviet Encyclopedia (1969–1978), volume 1",editor,unknown,0.55,0.7,0.65,needs_review,low_relationship_confidence|low_classification_confidence,,,
83::5b8914226f541fa0dd02fe2d758925b4336b9e5e2c855ddb112b9a59df16365c::editor,83,Aleksandr M. Prokhorov,"Great Soviet Encyclopedia (1969–1978), volume 2",editor,unknown,0.55,0.7,0.65,needs_review,low_relationship_confidence|low_classification_confidence,,,
83::7ef2abca8039739e37c38df229505752932ce9e9c145888c1130f4550df59294::editor,83,Aleksandr M. Prokhorov,Great encyclopedic dictionary,editor,unknown,0.35,0.45,0.65,needs_review,low_relationship_confidence|low_classification_confidence,,,
83::2dc33f348dbf51e62e529b08d397894920b89f4ac26d4ed58a693eb0d759d832::author,83,Aleksandr M. Prokhorov,Q19632103,author,unknown,0.35,0.45,0.65,needs_review,low_relationship_confidence|low_classification_confidence,,,
83::8947bed91e14e39c113bde36ffb9af37e8f01282083a1d7e08eadbc1344ef2f7::author,83,Aleksandr M. Prokhorov,Q6677799,author,unknown,0.35,0.45,0.65,needs_review,low_relationship_confidence|low_classification_confidence,,,
83::ee3fa05cb522463370870df9b5a12e07d1b2275c3e2de591a29cb9e2b5083ca4::editor,83,Aleksandr M. Prokhorov,Soviet Encyclopedic Dictionary,editor,unknown,0.35,0.45,0.65,needs_review,low_relationship_confidence|low_classification_confidence,,,
306::69e0ec1a089a06b3428199d05cc7fb672b5c8fcb92b748790957c530f831ec72::author,306,Alexis Carrel,Q118346890,author,unknown,0.35,0.45,0.65,needs_review,low_relationship_confidence|low_classification_confidence,,,
306::103a346fb0942f2ecfb8aa0d9ea8212e29013c1f03b94827ad31258f615d8184::author,306,Alexis Carrel,Q121933592,author,unknown,0.35,0.45,0.65,needs_review,low_relationship_confidence|low_classification_confidence,,,
306::7e1f81c347e10c0811553b3604306324c78009455333f4777dc7292508df0857::author,306,Alexis Carrel,Q137771850,author,unknown,0.35,0.45,0.65,needs_review,low_relationship_confidence|low_classification_confidence,,,
306::faa6a65f02bd8cbf19a7bd810870790c1f6fd2455878f98c4f2a3e0092521c88::author,306,Alexis Carrel,Q4010933,author,unknown,0.35,0.45,0.65,needs_review,low_relationship_confidence|low_classification_confidence,,,
300::2cdd41f85d8b4afc0fa7c350673b8874d24488802f3d3e578f1e6895aa4e8656::author,300,Alphonse Laveran,Paludism,author,unknown,0.35,0.45,0.65,needs_review,low_relationship_confidence|low_classification_confidence,,,
300::8aa2f13ff22eae9116749a133ee7003742fd51aa754f651463cb9abe20926a1f::author,300,Alphonse Laveran,Q134585563,author,unknown,0.35,0.45,0.65,needs_review,low_relationship_confidence|low_classification_confidence,,,
300::fa002283c9b6b02d718551094f5e48364675f7763f385d358b4e996c4addbba5::author,300,Alphonse Laveran,Q134585624,author,unknown,0.35,0.45,0.65,needs_review,low_relationship_confidence|low_classification_confidence,,,
990::55b7449e2600f4ebcb285d40325b0ad36a49c3d717b778ff2da6ab06987a1b79::author,990,Andrea Ghez,Andrea Ghez: The hunt for a supermassive black hole,author,unknown,0.35,0.45,0.65,needs_review,low_relationship_confidence|low_classification_confidence,,,
412::3e106ced5266ded6a76552e38a136f3632cd8871d132173665a56e2fa04d00a7::author,412,Andrew V. Schally,Q136974397,author,unknown,0.35,0.45,0.65,needs_review,low_relationship_confidence|low_classification_confidence,,,
412::fc7cf673052eb25c3a0fb5d5c96f10cc992e0ec673954bdf2448563ad4b6b69a::author,412,Andrew V. Schally,Q136974427,author,unknown,0.35,0.45,0.65,needs_review,low_relationship_confidence|low_classification_confidence,,,
412::01619dec474626e29a76a1189769f8d9e91e8f2ef1527d6e81e54bba0b8e1ebe::author,412,Andrew V. Schally,Q136974428,author,unknown,0.35,0.45,0.65,needs_review,low_relationship_confidence|low_classification_confidence,,,
802::038580426ff5d4645f925f1870bdf2f0bfe5380ae8310da861dc0842f253d807::author,802,Andrew Z. Fire,Q136783663,author,unknown,0.35,0.45,0.65,needs_review,low_relationship_confidence|low_classification_confidence,,,
802::54d2ce63bcb59948bfa3cea451ada21a9694810cbb097e6f3c4011924c87044b::author,802,Andrew Z. Fire,Q136783664,author,unknown,0.35,0.45,0.65,needs_review,low_relationship_confidence|low_classification_confidence,,,
802::c6df70a9976a1a3742f33bda69b4d01fe2a3caf5e2335e6afdb15f36b5b7971c::author,802,Andrew Z. Fire,Q136783666,author,unknown,0.35,0.45,0.65,needs_review,low_relationship_confidence|low_classification_confidence,,,
802::96270aadf15f699e5d276222f072750f853483584ca02990e957e2ac9c72bb05::author,802,Andrew Z. Fire,Q136783667,author,unknown,0.35,0.45,0.65,needs_review,low_relationship_confidence|low_classification_confidence,,,
802::ea7b027d6a256b70d6d7ef7cef711e9c53dffbffc548f7c5af1dcb4834ac061a::author,802,Andrew Z. Fire,Q136783670,author,unknown,0.35,0.45,0.65,needs_review,low_relationship_confidence|low_classification_confidence,,,
802::46133072afdf13655d9bc249349254bb34ccd8fe2cdb437bd8484cdff732deb3::author,802,Andrew Z. Fire,Q136786856,author,unknown,0.35,0.45,0.65,needs_review,low_relationship_confidence|low_classification_confidence,,,
360::ef4004b0a46ac560e0bbf3654e6a517f0f3dc20d434d6169382e7872a2d71ace::author,360,André F. Cournand,Cardiac catheterization in congenital heart disease,author,unknown,0.35,0.45,0.65,needs_review,low_relationship_confidence|low_classification_confidence,,,
381::4853b144df4ba96710951b803e07091f1212338a0927301bda50cf6b799df085::author,381,André Lwoff,Biological order,author,unknown,0.35,0.45,0.65,needs_review,low_relationship_confidence|low_classification_confidence,,,
381::619aea41bbc2c4c4057c5e5fbb363747e700474981845d513e43cea6f4274aad::author,381,André Lwoff,Q133031944,author,unknown,0.35,0.45,0.65,needs_review,low_relationship_confidence|low_classification_confidence,,,
381::3fe2253f83e6ff7a085c191de589d44725b0981fd0ddee77f7b8d70afbc481e9::author,381,André Lwoff,Recherches biochimiques sur la nutrition des protozoaires,author,unknown,0.35,0.45,0.65,needs_review,low_relationship_confidence|low_classification_confidence,,,
1014::b49d7a734eeb854701a6fa191a0a2770a5623a25cd4d73e02c8b63229f2d1e8e::author,1014,Anton Zeilinger,Dance of the Photons,author,unknown,0.35,0.45,0.65,needs_review,low_relationship_confidence|low_classification_confidence,,,
311::6ee9aedaa06a965c08ca786075505ed36a31faa5a187d7999997988295e942d5::author,311,Archibald V. Hill,Chemical wave transmission in nerve,author,unknown,0.35,0.45,0.65,needs_review,low_relationship_confidence|low_classification_confidence,,,
33::bf2ef1407b1b33f98414091eac61619b36311f45836103a3f96a669f4a16f087::author,33,Arthur H. Compton,Atomic Quest,author,unknown,0.35,0.45,0.65,needs_review,low_relationship_confidence|low_classification_confidence,,,
33::d298416730e639e323408bba043b6cccfddf81563a480aca006f1552c9c5a3f2::author,33,Arthur H. Compton,X-rays in theory and experiment,author,unknown,0.35,0.45,0.65,needs_review,low_relationship_confidence|low_classification_confidence,,,
186::d2617692d4f4fcf7ab6da17d101e956d452b2e294c397876535f011a23d29429::author,186,Arthur Harden,"Andrews, Thomas (DNB01)",author,unknown,0.35,0.45,0.65,needs_review,low_relationship_confidence|low_classification_confidence,,,
186::617a4fc0ffdf07601f6f581aee27a9c225b1d9dd2b55f617115b0b1cd6c63e5a::author,186,Arthur Harden,"Newth, Samuel (DNB01)",author,unknown,0.35,0.45,0.65,needs_review,low_relationship_confidence|low_classification_confidence,,,
186::5c1460db567ea3be0d4c2db6b34123489bd7700fb790eba245b39a6bcbc1f943::author,186,Arthur Harden,Physiology and national needs,author,unknown,0.35,0.45,0.65,needs_review,low_relationship_confidence|low_classification_confidence,,,
186::7d2efc057429052e244dc55e1daea068362715373bd0dd80eb7b991f146c9f26::author,186,Arthur Harden,"Playfair, Lyon (DNB01)",author,unknown,0.35,0.45,0.65,needs_review,low_relationship_confidence|low_classification_confidence,,,
186::13a7d85fdd4f9f65b944a24acfb2e8a07921d44d388e2162e5f7493deef4b8ef::author,186,Arthur Harden,"Tate, Alexander Norman (DNB00)",author,unknown,0.35,0.45,0.65,needs_review,low_relationship_confidence|low_classification_confidence,,,
186::e2e802f52e517d69091986882b640a02a4022dc18573f6bca5b2ded5fec8db0e::author,186,Arthur Harden,"Tennant, Charles (DNB00)",author,unknown,0.35,0.45,0.65,needs_review,low_relationship_confidence|low_classification_confidence,,,
186::f355711d4fb6e8312f7e30fbb466e03c9146212858e360bdfaed38c6fa1bdda9::author,186,Arthur Harden,"Tennant, Smithson (DNB00)",author,unknown,0.35,0.45,0.65,needs_review,low_relationship_confidence|low_classification_confidence,,,
186::91e2ddce0eaa27b4420f747e312849684e0575ed4eb8375d11b508e9521bd29d::author,186,Arthur Harden,"Thomson, Thomas (1773-1852) (DNB00)",author,unknown,0.35,0.45,0.65,needs_review,low_relationship_confidence|low_classification_confidence,,,
186::7e47253e03cd8a855dee062a8abddecc13936a694ad69d41c0a988cc6434681c::author,186,Arthur Harden,"Tidy, Charles Meymott (DNB00)",author,unknown,0.35,0.45,0.65,needs_review,low_relationship_confidence|low_classification_confidence,,,
186::88c96bc7bba671007a71783b670f550538664818352443ba61123a28982abe13::author,186,Arthur Harden,"Turner, Edward (DNB00)",author,unknown,0.35,0.45,0.65,needs_review,low_relationship_confidence|low_classification_confidence,,,
119::fb6b5b4a9ce64581f9581466a7113c3a7b8907cc18f088df67ccd866aa18a41f::author,119,Arthur L. Schawlow,Microwave spectroscopy,author,unknown,0.35,0.45,0.65,needs_review,low_relationship_confidence|low_classification_confidence,,,
310::60e4c8e10fecbb8e0f1fd7c3e7a6457c68cb1dc18c60df2c55ce41712d62b7bd::author,310,August Krogh,Osmotic regulation in aquatic animals,author,unknown,0.35,0.45,0.65,needs_review,low_relationship_confidence|low_classification_confidence,,,
310::f659193f05183a2b5f8ad3e176ed38888f38ef8fd7efa68cc01fac15709735f2::author,310,August Krogh,The comparative physiology of respiratory mechanisms,author,unknown,0.35,0.45,0.65,needs_review,low_relationship_confidence|low_classification_confidence,,,
428::b421403cd195a9429d8a2b8564b2cb440a6d71b195812fcab685e9d3e39601a6::author,428,Barbara McClintock,A monograph of the genus Hydrangea,author,unknown,0.57,0.7,0.65,needs_review,low_relationship_confidence|low_classification_confidence,,,
789::6599c8b92fc508472a277e00e243f3627077043df8d586bc98d29386c36a98ef::author,789,Barry J. Marshall,Q137103968,author,unknown,0.35,0.45,0.65,needs_review,low_relationship_confidence|low_classification_confidence,,,
103::4aad2d951a7f16322e736fecb2773fa9a105766ec4369a5e2d87fffc34f3b1fa::author,103,Ben R. Mottelson,Nuclear Structure,author,unknown,0.35,0.45,0.65,needs_review,low_relationship_confidence|low_classification_confidence,,,
933::ae8693e7f1c730e5abaf956dd9efba879a584c45fb996a5c4bc2fb51c8a983da::author,933,Bernard L. Feringa,Q136951082,author,unknown,0.35,0.45,0.65,needs_review,low_relationship_confidence|low_classification_confidence,,,
933::15d95d1cfa75971d4372c1488cc593b30de7625d0c79bd984f4bb468990b024d::author,933,Bernard L. Feringa,Q136951118,author,unknown,0.35,0.45,0.65,needs_review,low_relationship_confidence|low_classification_confidence,,,
933::c2be55fad91d340eaf7a532979a38b59e0a89ec04ad71e057cc6b82eaf46ea15::author,933,Bernard L. Feringa,Q136951647,author,unknown,0.35,0.45,0.65,needs_review,low_relationship_confidence|low_classification_confidence,,,
879::03d7758cd23331050d4baa4a62c2c2f17c0ffdc08fc2ba05996e8e2b92bc69e1::author,879,Brian Kobilka,Q136734374,author,unknown,0.35,0.45,0.65,needs_review,low_relationship_confidence|low_classification_confidence,,,
879::ed83b9188b15b1d5c8f80383f4ef5b6f0781b29e9514b13cc2bff1eb1d4ba49d::author,879,Brian Kobilka,Q136791333,author,unknown,0.35,0.45,0.65,needs_review,low_relationship_confidence|low_classification_confidence,,,
879::17a9b67fedea86b4e630802ebf13c1cc74ea4056c8eb47ba29ddf60ab1a280f5::author,879,Brian Kobilka,Q136791345,author,unknown,0.35,0.45,0.65,needs_review,low_relationship_confidence|low_classification_confidence,,,
1015::32e3e0ec670ecef86aacb1b507b992727243f6f3eb0395a59276bcecd237950a::author,1015,Carolyn Bertozzi,Q137102010,author,unknown,0.35,0.45,0.65,needs_review,low_relationship_confidence|low_classification_confidence,,,
1015::16787f50eaaaf4b315fdd2cee2556179a59b6d09c3d7bc50ac0a0ac5a0985ab2::author,1015,Carolyn Bertozzi,Q137102013,author,unknown,0.35,0.45,0.65,needs_review,low_relationship_confidence|low_classification_confidence,,,
55::cfc55580a118ace4082ad7429833d0187fcd5aa2535c5e6699672b50049dd863::author,55,Cecil Powell,Nuclear physics in photographs,author,unknown,0.35,0.45,0.65,needs_review,low_relationship_confidence|low_classification_confidence,,,
25::340b895d73ad5e38f5c5eaecd903fed7ec25d50243a1d2597b75c40788905237::author,25,Charles Edouard Guillaume,Q134585706,author,unknown,0.35,0.45,0.65,needs_review,low_relationship_confidence|low_classification_confidence,,,
81::fb6b5b4a9ce64581f9581466a7113c3a7b8907cc18f088df67ccd866aa18a41f::author,81,Charles H. Townes,Microwave spectroscopy,author,unknown,0.35,0.45,0.65,needs_review,low_relationship_confidence|low_classification_confidence,,,
318::2de0b7219e6e59968e6d17858ceabb275751bd0151f547997fffd4665bf5d7ec::author,318,Charles Nicolle,Q107018908,author,unknown,0.35,0.45,0.65,needs_review,low_relationship_confidence|low_classification_confidence,,,
307::c33838c72aede12eec029db833075e8078c379655b2e13089e91370d65ff775c::editor,307,Charles Richet,Journal de physiologie et de pathologie generale,editor,unknown,0.35,0.45,0.65,needs_review,low_relationship_confidence|low_classification_confidence,,,
307::95e5b3374129cba154dd3fd46fbb84b7ede948a83e454b8e66821d14ac18fccc::author,307,Charles Richet,Physiologie;,author,unknown,0.35,0.45,0.65,needs_review,low_relationship_confidence|low_classification_confidence,,,
307::2133da1e450263fa7f660642850808ddf6b01af2551aa4b5a82ab08b7adba8f7::author,307,Charles Richet,Q101084443,author,unknown,0.35,0.45,0.65,needs_review,low_relationship_confidence|low_classification_confidence,,,
307::ddeea369fc340694f84e2d8148626e00acc43140e617c7487ac37c046436117e::author,307,Charles Richet,Q101084445,author,unknown,0.35,0.45,0.65,needs_review,low_relationship_confidence|low_classification_confidence,,,
307::9b2c7f43e49231618cbb68262cee71e4774bcc42a883dec03c9b8927c632002c::author,307,Charles Richet,Q101090074,author,unknown,0.35,0.45,0.65,needs_review,low_relationship_confidence|low_classification_confidence,,,
307::d0d90eeafb3a4a3a0c02d8670280ac23dfc113b59dad04da1ab9dc29962a1dc7::author,307,Charles Richet,Q101090149,author,unknown,0.35,0.45,0.65,needs_review,low_relationship_confidence|low_classification_confidence,,,
307::a8277afd7bc46d6d6b13dc01bf88c5541449743e4451f582b7668d635feb27c1::author,307,Charles Richet,Q101090413,author,unknown,0.35,0.45,0.65,needs_review,low_relationship_confidence|low_classification_confidence,,,
307::37656d7a0826bd1a109653489fe7ae2b8d8d3f8b04a3a6e2aa236e56ab5c67fe::author,307,Charles Richet,Q101090416,author,unknown,0.35,0.45,0.65,needs_review,low_relationship_confidence|low_classification_confidence,,,
307::7fd9768f229b1a3a013aff55c1f12c866c0e02b874563200d930a8b0d5d2efd2::author,307,Charles Richet,Q101090419,author,unknown,0.35,0.45,0.65,needs_review,low_relationship_confidence|low_classification_confidence,,,
307::bbdba487f2a525317b291718e5e0b1d54f5125ed93b387b1a935eba530fe5fb3::author,307,Charles Richet,Q105946778,author,unknown,0.35,0.45,0.65,needs_review,low_relationship_confidence|low_classification_confidence,,,
307::3eb5a25e9ad0765eb2dbdb6d7355962b179cc123210ca97dfb58fbf0954e3869::author,307,Charles Richet,Q108051622,author,unknown,0.35,0.45,0.65,needs_review,low_relationship_confidence|low_classification_confidence,,,
307::83d9180b837534c8d3ef3b7d51ac4124b4489b19fee421f4f49bde6a11c2b82e::author,307,Charles Richet,Q17356634,author,unknown,0.35,0.45,0.65,needs_review,low_relationship_confidence|low_classification_confidence,,,
307::b43f0c1b0846bf85c6d39c750f0df289a3ad02143aa21cb67de732c41e1753b7::author,307,Charles Richet,Q17360870,author,unknown,0.35,0.45,0.65,needs_review,low_relationship_confidence|low_classification_confidence,,,
307::b3bbb1b28e714405fe6c7d2a03678bbd911ba99d32aac0cffce5a065b1c5e2d9::author,307,Charles Richet,Q17360884,author,unknown,0.35,0.45,0.65,needs_review,low_relationship_confidence|low_classification_confidence,,,
307::ecc8eef0a77ff04301e96a9f5e9e97f79aeaad2b5434146ff9fe7a93df944827::author,307,Charles Richet,Q19182938,author,unknown,0.35,0.45,0.65,needs_review,low_relationship_confidence|low_classification_confidence,,,
307::449d0628bc1e5b3da290202011661cc7b9fde31dbfa67e185db85d7b331a2064::author,307,Charles Richet,Q19183674,author,unknown,0.35,0.45,0.65,needs_review,low_relationship_confidence|low_classification_confidence,,,
307::d4db66b5a6892f1557cee26dc36c500006dbcae92e8358c9ccd69ee207aeaeb9::author,307,Charles Richet,Q19189063,author,unknown,0.35,0.45,0.65,needs_review,low_relationship_confidence|low_classification_confidence,,,
307::bd95dfc5fdcbb930e4c3ee16670c3479baaa4eb054fdbdbad17090340df4efae::author,307,Charles Richet,Q19192873,author,unknown,0.35,0.45,0.65,needs_review,low_relationship_confidence|low_classification_confidence,,,
307::92e7b0132f0096776776eb748eaa48c281604e1b436413c0c0025871aff42683::author,307,Charles Richet,Q19198756,author,unknown,0.35,0.45,0.65,needs_review,low_relationship_confidence|low_classification_confidence,,,
307::72fe8f35ad2061beac231946e61ace93f0093e2b50ce1aaedb25a3f9f92e018c::author,307,Charles Richet,Q19210022,author,unknown,0.35,0.45,0.65,needs_review,low_relationship_confidence|low_classification_confidence,,,
307::8b487f1a3e2da5bc9c28eaad06792d77773738254ffa350fc13017f70881e91f::author,307,Charles Richet,Q19210024,author,unknown,0.35,0.45,0.65,needs_review,low_relationship_confidence|low_classification_confidence,,,
307::7344140dbb88e5c7e04f18a3c4d19bd451d1a46778089082c2daf6aafc912f08::author,307,Charles Richet,Q19212535,author,unknown,0.35,0.45,0.65,needs_review,low_relationship_confidence|low_classification_confidence,,,
307::509311538e7c7cdcc45f65642e951d11bab782bea12d39032dceaf06c3a146da::author,307,Charles Richet,Q19216652,author,unknown,0.35,0.45,0.65,needs_review,low_relationship_confidence|low_classification_confidence,,,
307::51ac951e2b858609eb9014d57b57f7f464f1736ba7892c7fdc76f53d60eb7bec::author,307,Charles Richet,Q19237890,author,unknown,0.35,0.45,0.65,needs_review,low_relationship_confidence|low_classification_confidence,,,
307::579d0003df596f6b8b06a1e37f0ff4b7edbe449d0b9fb5d04272e470191fe627::author,307,Charles Richet,Q51465130,author,unknown,0.35,0.45,0.65,needs_review,low_relationship_confidence|low_classification_confidence,,,
307::daa5166220b138207ca881e569e0f1f32bbd04947428423ecdf34802532b0b8d::author,307,Charles Richet,Q51465132,author,unknown,0.35,0.45,0.65,needs_review,low_relationship_confidence|low_classification_confidence,,,
307::7da01ea95203e09c380f53e4215ceb915ac1013f7edfdf33bd7a58e22511c07e::author,307,Charles Richet,Q56161550,author,unknown,0.35,0.45,0.65,needs_review,low_relationship_confidence|low_classification_confidence,,,
307::de56c00c9e1eee473597ab117727849915349fe1d42440a6f0f26119b3a2de54::author,307,Charles Richet,Q62069189,author,unknown,0.35,0.45,0.65,needs_review,low_relationship_confidence|low_classification_confidence,,,
307::369b86d65af4505a71b56ab15985a6483a02f6b18ba376583b5b577a8888119e::author,307,Charles Richet,Q64065873,author,unknown,0.35,0.45,0.65,needs_review,low_relationship_confidence|low_classification_confidence,,,
307::5ddc9dd408232f41645824643cfd514671af21c3276aca95be9919cc9979d67d::author,307,Charles Richet,Q64065915,author,unknown,0.35,0.45,0.65,needs_review,low_relationship_confidence|low_classification_confidence,,,
241::884671d45af14117412aceeb8db63cc614b0dbe558e4441dea194226b9979d39::author,241,Christian Anfinsen,The molecular basis of evolution / Christian B. Anfinsen. - 1959,author,unknown,0.57,0.7,0.65,needs_review,low_relationship_confidence|low_classification_confidence,,,
153::c1a2621906642983097c7b3e5b785b84a37852e70d5abd38a031a02a9a445d5d::author,153,Claude Cohen-Tannoudji,Atom—Photon Interactions: Basic Process and Appilcations,author,unknown,0.35,0.45,0.65,needs_review,low_relationship_confidence|low_classification_confidence,,,
153::2b15159ad760ed711f3faee85d5d554ded585e16114a96fa5c96219d7a5b0a7f::author,153,Claude Cohen-Tannoudji,Quantum Mechanics,author,unknown,0.57,0.7,0.65,needs_review,low_relationship_confidence|low_classification_confidence,,,
1039::55578ee543d27cb448be3d7e6df520449b8522c4996c3653519f78091de35edd::author,1039,David Baker,Q136794691,author,unknown,0.35,0.45,0.65,needs_review,low_relationship_confidence|low_classification_confidence,,,
1039::577b5950e75ce876703eb0f5aa986fb2f80b07af5faeffb865dfc186aa9050db::author,1039,David Baker,Q136794692,author,unknown,0.35,0.45,0.65,needs_review,low_relationship_confidence|low_classification_confidence,,,
1039::7556ec55418935831d3e319b7c2a4b15b401853fb00566cc4f991c53c8144150::author,1039,David Baker,Q136794693,author,unknown,0.35,0.45,0.65,needs_review,low_relationship_confidence|low_classification_confidence,,,
1039::d428cc91b8eacc2779fa3eafe4867f0c71ea19bcb5415433bbb934f2aecfafb4::author,1039,David Baker,Q136794695,author,unknown,0.35,0.45,0.65,needs_review,low_relationship_confidence|low_classification_confidence,,,
1039::5b73e6973dd6075c5da1a2abc832cd1b0ec63cb35b26f8c18b1a0f04abfe0056::author,1039,David Baker,Q136794696,author,unknown,0.35,0.45,0.65,needs_review,low_relationship_confidence|low_classification_confidence,,,
1039::440e6578ed67654ba3bdf919cadd1bb34c8713fd40d85fc2e525a3c5adaa9e46::author,1039,David Baker,Q136794699,author,unknown,0.35,0.45,0.65,needs_review,low_relationship_confidence|low_classification_confidence,,,
1039::e721c1ade37dc970efbbe1367730eb1db5838209842ef53894127337f2d2d8e6::author,1039,David Baker,Q136794706,author,unknown,0.35,0.45,0.65,needs_review,low_relationship_confidence|low_classification_confidence,,,
1039::61ccf599f4db1f9d7ce85fd2cf4cf7a2ac6b46fba708e09b37942a0b9bf55f59::author,1039,David Baker,Q136794707,author,unknown,0.35,0.45,0.65,needs_review,low_relationship_confidence|low_classification_confidence,,,
1039::0bb18e6f4368b926221e3b45fda9f0c92135ce674c8c48345931a5f84a6aedfc::author,1039,David Baker,Q136794716,author,unknown,0.35,0.45,0.65,needs_review,low_relationship_confidence|low_classification_confidence,,,
1039::91b1525cc40d68e3929ef77e03b0128bc590e8eef97935f065ede0a2ff7777b7::author,1039,David Baker,Q136794721,author,unknown,0.35,0.45,0.65,needs_review,low_relationship_confidence|low_classification_confidence,,,
1039::781988cc43456aada61fea0cb4f36ff91c0eec2ebce491196760962bfee5b309::author,1039,David Baker,Q136794724,author,unknown,0.35,0.45,0.65,needs_review,low_relationship_confidence|low_classification_confidence,,,
1039::6470f828664e8ebb692aee4e463e289d55393613b7671a6c81a42e0943a8db76::author,1039,David Baker,Q136794726,author,unknown,0.35,0.45,0.65,needs_review,low_relationship_confidence|low_classification_confidence,,,
1039::db3b0c0dd8fc5aed213eabfd423acdd67948a08cd0844fb3dccedd1b29671700::author,1039,David Baker,Q136794729,author,unknown,0.35,0.45,0.65,needs_review,low_relationship_confidence|low_classification_confidence,,,
1039::f5b4f7647f4def7fdd9408fc2ae97214fcc0462f8f7ab395ad88119aa552947a::author,1039,David Baker,Q136794734,author,unknown,0.35,0.45,0.65,needs_review,low_relationship_confidence|low_classification_confidence,,,
1039::b0f9f64a4a1677616e2b7cb1e3390754b5bdef58b4604b138fb8f927bff1d061::author,1039,David Baker,Q136794736,author,unknown,0.35,0.45,0.65,needs_review,low_relationship_confidence|low_classification_confidence,,,
1039::25052609d46cf35bebcd393aca6bce7733688b621cc257b9c6cf6d842b4a1f09::author,1039,David Baker,Q136794743,author,unknown,0.35,0.45,0.65,needs_review,low_relationship_confidence|low_classification_confidence,,,
1039::5bdc157c70113a92faf2093a847e323d696ac058d6e58f6779911d6c7b3d1f0c::author,1039,David Baker,Q136794746,author,unknown,0.35,0.45,0.65,needs_review,low_relationship_confidence|low_classification_confidence,,,
1039::0aa14114e24f3020db7e4d3a141036f34c8aa136876eff6919ad6f797c05d9f1::author,1039,David Baker,Q136794747,author,unknown,0.35,0.45,0.65,needs_review,low_relationship_confidence|low_classification_confidence,,,
1039::73fa85405b51ff2e566dcf756d84df7b1a3b238148593f7319e024144fef9e21::author,1039,David Baker,Q136794749,author,unknown,0.35,0.45,0.65,needs_review,low_relationship_confidence|low_classification_confidence,,,
1039::1661df3771201fdecbb71be8980cf8d9d5efac52e22de27eda8a09e267d77082::author,1039,David Baker,Q136794760,author,unknown,0.35,0.45,0.65,needs_review,low_relationship_confidence|low_classification_confidence,,,
1039::59303802dd037ac7ed43152cf6d08631c79ba09e7f4324fd8fe9d28ef1fa28c6::author,1039,David Baker,Q136794761,author,unknown,0.35,0.45,0.65,needs_review,low_relationship_confidence|low_classification_confidence,,,
1039::9a5d6c054e7dfb6fc1215ff200240dfe7025300ced43a000c879f9966bda7913::author,1039,David Baker,Q136794762,author,unknown,0.35,0.45,0.65,needs_review,low_relationship_confidence|low_classification_confidence,,,
1039::cbf3f9bd81c4a9954a76d478dd6b13dd320eab50cb9ba02109d162aa7bcdb781::author,1039,David Baker,Q136794763,author,unknown,0.35,0.45,0.65,needs_review,low_relationship_confidence|low_classification_confidence,,,
1039::8ab4b14b2dda72eb7bd0032ec797dbaa172e63830ed67ffc9f5fc18b5421a676::author,1039,David Baker,Q136794765,author,unknown,0.35,0.45,0.65,needs_review,low_relationship_confidence|low_classification_confidence,,,
1039::912126fe6989098de65f7b826387777f8771c554a3960a63bd5f6f781aae41fa::author,1039,David Baker,Q136794768,author,unknown,0.35,0.45,0.65,needs_review,low_relationship_confidence|low_classification_confidence,,,
1039::5ea6778bce7b2628c475906dde65a7cb088d8cc8b9948b9742f0ee48ac6e6cea::author,1039,David Baker,Q136794770,author,unknown,0.35,0.45,0.65,needs_review,low_relationship_confidence|low_classification_confidence,,,
1039::d39c657d7df3a06f4fb8d9f0fb6c2486fbfe14006846d4d9323a710d87715b92::author,1039,David Baker,Q136794777,author,unknown,0.35,0.45,0.65,needs_review,low_relationship_confidence|low_classification_confidence,,,
1039::46ea2151e270dce16ff6897a0a1951b01a1f5b29e2ec6af5155e02f5f2cc7923::author,1039,David Baker,Q136794781,author,unknown,0.35,0.45,0.65,needs_review,low_relationship_confidence|low_classification_confidence,,,
1039::36c161b1f565f45e14cf0d27ee41ce7982c9cb46c845d6f21ffcef09b9eb419d::author,1039,David Baker,Q136794782,author,unknown,0.35,0.45,0.65,needs_review,low_relationship_confidence|low_classification_confidence,,,
1039::f5224ae700cdff19bb2a1e4d9caef97ed7ba48488a07918b06f0802fe67f0497::author,1039,David Baker,Q136794783,author,unknown,0.35,0.45,0.65,needs_review,low_relationship_confidence|low_classification_confidence,,,
1039::0125ea4a26c280e8e51d39918345a35d767c0408cea190568413090061252804::author,1039,David Baker,Q136794787,author,unknown,0.35,0.45,0.65,needs_review,low_relationship_confidence|low_classification_confidence,,,
1039::a83b3885aeaeec60732d91788e6a5fcadf0993fe3ebbcc739566384ca1f35fee::author,1039,David Baker,Q136794788,author,unknown,0.35,0.45,0.65,needs_review,low_relationship_confidence|low_classification_confidence,,,
1039::2166f683b229ba46142791787a4ca93330deaa943604c9ae1061d5319715bff9::author,1039,David Baker,Q136794789,author,unknown,0.35,0.45,0.65,needs_review,low_relationship_confidence|low_classification_confidence,,,
1039::1b77c5fcd4c711a2027d70f3c086c5238efcca499ff43872d69d8b1fac94ec93::author,1039,David Baker,Q136794790,author,unknown,0.35,0.45,0.65,needs_review,low_relationship_confidence|low_classification_confidence,,,
1039::2cd2c0dd698f32291bce58093d99d9b4d1680f8b4cfa1cf7271f10c93b6f08a3::author,1039,David Baker,Q136794791,author,unknown,0.35,0.45,0.65,needs_review,low_relationship_confidence|low_classification_confidence,,,
1039::04f18447d26dc9f2feb35f1f018a51fefd3cf7be1327634f7d181df46819e685::author,1039,David Baker,Q136794795,author,unknown,0.35,0.45,0.65,needs_review,low_relationship_confidence|low_classification_confidence,,,
1039::abafbc51582d617a690515c8ea568492dea539e15a750d60f6bb462f013e6042::author,1039,David Baker,Q136794796,author,unknown,0.35,0.45,0.65,needs_review,low_relationship_confidence|low_classification_confidence,,,
1039::f21288ca94b8ae4a1c95c00aecc6238944ed12b7bff1f5f28fe91346e2174f0d::author,1039,David Baker,Q136794797,author,unknown,0.35,0.45,0.65,needs_review,low_relationship_confidence|low_classification_confidence,,,
1039::95cadac4fdeb6ef44097be7dacfe4f237bc66fc177ff6a656888922c3c47e715::author,1039,David Baker,Q136794798,author,unknown,0.35,0.45,0.65,needs_review,low_relationship_confidence|low_classification_confidence,,,
1039::a44a6c24f2c566f6e083a9d2ee16f15770086d732691bb6e11c624e3f815b276::author,1039,David Baker,Q136794801,author,unknown,0.35,0.45,0.65,needs_review,low_relationship_confidence|low_classification_confidence,,,
1039::2804653e89ef15d540b0c5f9b4e7cd7fa8c80c2207750947ed0aad9fe81585f1::author,1039,David Baker,Q136794802,author,unknown,0.35,0.45,0.65,needs_review,low_relationship_confidence|low_classification_confidence,,,
1039::13e29d82b414e92a77c78df9918bb5f88a2a2f6fe46f2914d3874dad26c267ac::author,1039,David Baker,Q136794805,author,unknown,0.35,0.45,0.65,needs_review,low_relationship_confidence|low_classification_confidence,,,
1039::741807886faf6bf677e6f616ab1f5b963acb9358f8ddd368cfc29530860b252b::author,1039,David Baker,Q136794807,author,unknown,0.35,0.45,0.65,needs_review,low_relationship_confidence|low_classification_confidence,,,
1039::edc81186e57db3c24e3d8bfc142b73adbc00f178dfe6a358675a130ebc27aa11::author,1039,David Baker,Q136794810,author,unknown,0.35,0.45,0.65,needs_review,low_relationship_confidence|low_classification_confidence,,,
1039::582f4bf5f55902a46eddac808b205e17a945af6cf623604911bc57aa79166a6d::author,1039,David Baker,Q136794812,author,unknown,0.35,0.45,0.65,needs_review,low_relationship_confidence|low_classification_confidence,,,
1039::9497e53b92ea63b4ef32e1bbc578c577c7a4e2958d5dc745d53088d56703159d::author,1039,David Baker,Q136794815,author,unknown,0.35,0.45,0.65,needs_review,low_relationship_confidence|low_classification_confidence,,,
1039::9527d8155d5701f2f0ba458b163fccbcf3b4da575beb8262ac8885c32e5fb3e3::author,1039,David Baker,Q136794816,author,unknown,0.35,0.45,0.65,needs_review,low_relationship_confidence|low_classification_confidence,,,
406::cc9bbc1e0f7df2af1ea23b563ac80f70bc135afb4b0b35ee6bdbe7901be709a1::author,406,David Baltimore,Q136799230,author,unknown,0.35,0.45,0.65,needs_review,low_relationship_confidence|low_classification_confidence,,,
997::4936dcbce90223df027dc3ee2b9f7a754074d9ad2d480de11f6ba1643ced9fde::editor,997,David Julius,Annual Review of Physiology,editor,unknown,0.35,0.45,0.65,needs_review,low_relationship_confidence|low_classification_confidence,,,
997::5c9828a600a0dcf524227ddb7a6bac7868d81aec88f5ff7a1dd112b6e15a2ca4::author,997,David Julius,Q136908998,author,unknown,0.35,0.45,0.65,needs_review,low_relationship_confidence|low_classification_confidence,,,
997::6034c4efbc3c95d748775ec38ab5ed7e1ebe0ce1a151fc53eec3a3c197810f3b::author,997,David Julius,Q136909000,author,unknown,0.35,0.45,0.65,needs_review,low_relationship_confidence|low_classification_confidence,,,
997::e3d2b32c0a86dc1e0c915b42730cf883e8dfca86a23eb2e08efb8500d6ff3eb0::author,997,David Julius,Q136909003,author,unknown,0.35,0.45,0.65,needs_review,low_relationship_confidence|low_classification_confidence,,,
997::bbef6a6b99d1ad37ab287b111cdf68cc10a830684292cbd0e94299190a968dcd::author,997,David Julius,Q136909012,author,unknown,0.35,0.45,0.65,needs_review,low_relationship_confidence|low_classification_confidence,,,
997::b87d420abc6ee32ce20893ddd010ad34315e1c6217f10a16eb639109dc040437::author,997,David Julius,Q136909015,author,unknown,0.35,0.45,0.65,needs_review,low_relationship_confidence|low_classification_confidence,,,
1003::b62da83417907b41b24674e9eb3f4f4d756109b2717d1de2b9f4ef61c733a75c::editor,1003,David W.C. MacMillan,Chemical Science,editor,unknown,0.35,0.45,0.65,needs_review,low_relationship_confidence|low_classification_confidence,,,
1003::a0f46cc32b07c8ea09227c6af6a0d20c615a676e059dd1bf1754b3e84a30081a::author,1003,David W.C. MacMillan,Q137043169,author,unknown,0.35,0.45,0.65,needs_review,low_relationship_confidence|low_classification_confidence,,,
1040::24145aa34bef6c5e21db29d0f3a48efab6c67a5a3b2e08fd392fb6cd0617d4ce::author,1040,Demis Hassabis,Q135289592,author,unknown,0.35,0.45,0.65,needs_review,low_relationship_confidence|low_classification_confidence,,,
1040::d09afdf4a2e64f9647a82f9b237c860044311c4c9e85fca0b448ce1c8d44416f::author,1040,Demis Hassabis,Q137013604,author,unknown,0.35,0.45,0.65,needs_review,low_relationship_confidence|low_classification_confidence,,,
93::b5188ec5e519a0ab3b5f8d426f0d5dce2878fcd97c13aef1e740f60c9df4ef1f::author,93,Dennis Gabor,"The electron microscope, its development, present performance and future possibilities",author,unknown,0.35,0.45,0.65,needs_review,low_relationship_confidence|low_classification_confidence,,,
975::bd013c4ba989566ceec9a50ff16cd961af225900d428898ffb59e5f79bd4f284::author,975,Didier Queloz,Q135258033,author,unknown,0.35,0.45,0.65,needs_review,low_relationship_confidence|low_classification_confidence,,,
975::3e4594fdee4d085413dad42b797782ac03e0d40d3d3a00149cdc36f68dce0e2d::author,975,Didier Queloz,Q137296466,author,unknown,0.35,0.45,0.65,needs_review,low_relationship_confidence|low_classification_confidence,,,
267::9e10b55bc52ae6d80077f42aef31c39458cb888d87b9b2032b1fc733b3b7370c::author,267,Donald J. Cram,Container Molecules and Their Guests,author,unknown,0.35,0.45,0.65,needs_review,low_relationship_confidence|low_classification_confidence,,,
59::865bd271a9b17a422599afdcb24ba0b4dcc633b8f4938cb3e749b51fb19ade43::author,59,E. M. Purcell,"Electricity and Magnetism (2ed, 9781139005043)",author,unknown,0.72,0.7,0.65,needs_review,low_relationship_confidence|low_classification_confidence,,,
324::c087e8c6efd83d526f04fe6abfe8e7afb05c381e3324aa65b8fa501ffdab810a::author,324,Edgar Adrian,The mechanism of nervous action,author,unknown,0.35,0.45,0.65,needs_review,low_relationship_confidence|low_classification_confidence,,,
324::9c25b6c145bfa9283d4c275dffad0c9654d807f5dc079d728687d5d1ab09fd65::author,324,Edgar Adrian,The physical background of perception / Edgar Adrian. - 1947,author,unknown,0.35,0.45,0.65,needs_review,low_relationship_confidence|low_classification_confidence,,,
905::1430026ff98476ead5dfd488474fd8ee5dc751fdada366a1c8f39ff04f53a3f6::author,905,Edvard I. Moser,Q136794647,author,unknown,0.35,0.45,0.65,needs_review,low_relationship_confidence|low_classification_confidence,,,
905::d150edf1834f04f6a691fd80d8db9f70b6e35ce6ce8a1016636a6ed17e318e21::author,905,Edvard I. Moser,Q136794651,author,unknown,0.35,0.45,0.65,needs_review,low_relationship_confidence|low_classification_confidence,,,
905::cca6e5bc3a8fd5a1301f415c16aa802b4a04af3719eda105d2a504866b147939::author,905,Edvard I. Moser,Q136794652,author,unknown,0.35,0.45,0.65,needs_review,low_relationship_confidence|low_classification_confidence,,,
905::816fd01d784c6c1ca5209bf1a0c122716b5c359108e42b547dacad8b9b6ff5b3::author,905,Edvard I. Moser,Q136794656,author,unknown,0.35,0.45,0.65,needs_review,low_relationship_confidence|low_classification_confidence,,,
905::dd1146429f78fdc4c42fb8b6554a2358594ce23ee89e5b72a9c8807ecfbdb83c::author,905,Edvard I. Moser,Q136794658,author,unknown,0.35,0.45,0.65,needs_review,low_relationship_confidence|low_classification_confidence,,,
905::dbd2803bb1cfeb3e84929b510fb623ca2c6da1d7d9bcf07768a2e52379988683::author,905,Edvard I. Moser,Q136949247,author,unknown,0.35,0.45,0.65,needs_review,low_relationship_confidence|low_classification_confidence,,,
905::d828df970ad0f7efae6cbd9c231c1884245ef2573362ccc48b496c813bf5720c::author,905,Edvard I. Moser,Q136949267,author,unknown,0.35,0.45,0.65,needs_review,low_relationship_confidence|low_classification_confidence,,,
835::c2362a0c08f90094657b3051836d2634c5e6b99a567862f8128a877d99dfd57f::author,835,Elizabeth H. Blackburn,Q122000515,author,unknown,0.35,0.45,0.65,needs_review,low_relationship_confidence|low_classification_confidence,,,
161::4ecfb94bf0841ab441ccd98a9c6a516695aaf4a5c181fb76ad570696869d266d::author,161,Emil Fischer,Q19172261,author,unknown,0.35,0.45,0.65,needs_review,low_relationship_confidence|low_classification_confidence,,,
293::fadab625f811eace9af77a323656a4ce8829df4d302ea19659c5051f2a00ec5e::author,293,Emil von Behring,Q134585651,author,unknown,0.35,0.45,0.65,needs_review,low_relationship_confidence|low_classification_confidence,,,
293::cc5e26208bd25ec6e388680651eb744d20333bdae8cb59d18c565808a31246ad::author,293,Emil von Behring,Q134585810,author,unknown,0.35,0.45,0.65,needs_review,low_relationship_confidence|low_classification_confidence,,,
293::7c46ef3fe31532a68f7cac7c3cf76751dfb4005ada659c05ed17e4a38013b57f::author,293,Emil von Behring,Q134585966,author,unknown,0.35,0.45,0.65,needs_review,low_relationship_confidence|low_classification_confidence,,,
293::e740bf7cdff979b1d97ab9cc749f561a1be7539b0231d32958260c130cac5d70::author,293,Emil von Behring,Q134585967,author,unknown,0.35,0.45,0.65,needs_review,low_relationship_confidence|low_classification_confidence,,,
293::6c9b15397cb6a350fa06093635193c4070e365f74a0d811f3588d493468e74a7::author,293,Emil von Behring,Q134585968,author,unknown,0.35,0.45,0.65,needs_review,low_relationship_confidence|low_classification_confidence,,,
293::b49ef7c88a7bd6e59c95e609f25921581d78468be34b3b6cc7487f8940a9bdff::author,293,Emil von Behring,Q134585969,author,unknown,0.35,0.45,0.65,needs_review,low_relationship_confidence|low_classification_confidence,,,
293::61c093408390aac289bb9ee0d355938ed7c9a550f662ec55bca85fa95e3b9e15::author,293,Emil von Behring,Q51483501,author,unknown,0.35,0.45,0.65,needs_review,low_relationship_confidence|low_classification_confidence,,,
72::c3f966e994b68c04fdcb26708d5199b2ec95513d55411a87811f60720dbbdf40::editor,72,Emilio Segrè,Annual Review of Nuclear Science,editor,unknown,0.35,0.45,0.65,needs_review,low_relationship_confidence|low_classification_confidence,,,
46::7aeb73c68812a89a9766e5d8c1b49c54b3bda1ce1d73180c207021208a095c16::author,46,Enrico Fermi,Elementary Particles,author,unknown,0.35,0.45,0.65,needs_review,low_relationship_confidence|low_classification_confidence,,,
909::3c832881ec137fef089b7b02b2b8d2ae30f40f4e6e26451d6d08ca87aa4c3244::author,909,Eric Betzig,Q136861402,author,unknown,0.35,0.45,0.65,needs_review,low_relationship_confidence|low_classification_confidence,,,
909::5012d6e1ad4fd9adf26312e082cf24825553e15ab2d4996d7a23a019d0abf407::author,909,Eric Betzig,Q136861465,author,unknown,0.35,0.45,0.65,needs_review,low_relationship_confidence|low_classification_confidence,,,
909::d1cd0803eec58288f9876e03c96f09ef9aa8de6143b946e3e1f7eedffb7c49a2::author,909,Eric Betzig,Q136861476,author,unknown,0.35,0.45,0.65,needs_review,low_relationship_confidence|low_classification_confidence,,,
909::508c5227548d6788cf0862ac4422ffcf287e92028f2144be06ebc182252193eb::author,909,Eric Betzig,Q136861480,author,unknown,0.35,0.45,0.65,needs_review,low_relationship_confidence|low_classification_confidence,,,
909::bc3549be80d073ae99ea5687509dbc926938937b32624df99ad3bb52a81e6835::author,909,Eric Betzig,Q136861499,author,unknown,0.35,0.45,0.65,needs_review,low_relationship_confidence|low_classification_confidence,,,
909::596b456b3be4ade3bbdb4adfbbb57e58c13efdb920434b9ed3343a1854ec7cac::author,909,Eric Betzig,Q136925376,author,unknown,0.35,0.45,0.65,needs_review,low_relationship_confidence|low_classification_confidence,,,
909::7df1d10535aa9b293a396458a0f5a67431a77d96194c4f50655ca73857019c08::author,909,Eric Betzig,Q137103861,author,unknown,0.35,0.45,0.65,needs_review,low_relationship_confidence|low_classification_confidence,,,
454::763c159c529ac1953e498df8d7bb36f6438e60c57cda664392aa51931cad8d95::author,454,Eric F. Wieschaus,Q136822686,author,unknown,0.35,0.45,0.65,needs_review,low_relationship_confidence|low_classification_confidence,,,
454::a21aa49b4d4c40065242b0ad81711b1d88168bb0c6cd8d9d05b6a849019ffdd0::author,454,Eric F. Wieschaus,Q136822696,author,unknown,0.35,0.45,0.65,needs_review,low_relationship_confidence|low_classification_confidence,,,
724::4b3cc0f07fa7527f82eda2741089bd46c020d82850ffbd4c2160f2a4dcc69caa::author,724,Eric Kandel,Cellular basis of behavior : an introduction to behavioral neurobiology / Eric R. Kandel. - 1976,author,unknown,0.6,0.7,0.65,needs_review,low_relationship_confidence|low_classification_confidence,,,
724::730c115d2c98c3d0a7314755e200d78f6e81f7cae4a3fb99a9deffb1bb723ead::editor,724,Eric Kandel,Handbook of Physiology. Section 1: The nervous system; 1: Cellular biology of neurons / ed. Erich R. Kandel. - 1977,editor,unknown,0.67,0.7,0.65,needs_review,low_relationship_confidence|low_classification_confidence,,,
724::0e403cd02169f3224aaaad6bc13f8d9a6fdb1be763e683d0140871bcb3e8290e::author,724,Eric Kandel,In Search of Memory,author,unknown,0.35,0.45,0.65,needs_review,low_relationship_confidence|low_classification_confidence,,,
724::6be921c8fdbb76f5cac94d6b2d90fcd716ce071d73ab333b4c1a92951fcbf960::author,724,Eric Kandel,Q136794549,author,unknown,0.35,0.45,0.65,needs_review,low_relationship_confidence|low_classification_confidence,,,
724::d26e065bf9416a1f2216c71febd2ed3798721791fc483e85e7099f85d89d190d::author,724,Eric Kandel,The age of the unconscious,author,unknown,0.35,0.45,0.65,needs_review,low_relationship_confidence|low_classification_confidence,,,
167::2b96ed9ba23ae27aba75f2ac6bfcfc22da75e66588e90400f4072b4e401861de::author,167,Ernest Rutherford,"Moseley, Henry Gwyn Jeffreys",author,unknown,0.35,0.45,0.65,needs_review,low_relationship_confidence|low_classification_confidence,,,
167::b66433ec0e2958917f82a582a67ba08715b94063d80625d1a2899adcf8fbc1a8::author,167,Ernest Rutherford,Radio-activity,author,unknown,0.35,0.45,0.65,needs_review,low_relationship_confidence|low_classification_confidence,,,
167::15c9bc691def51d0909e09a598dd025396f5f001fb0a8608aa98a403b695dcc9::author,167,Ernest Rutherford,Radioactive substances and their radiations,author,unknown,0.35,0.45,0.65,needs_review,low_relationship_confidence|low_classification_confidence,,,
340::6cb223d21a360e94c189b00caf98ebf3d0a3c208d63173cee9fbcb79c054bafb::author,340,Ernst B. Chain,Antibiotics,author,unknown,0.35,0.45,0.65,needs_review,low_relationship_confidence|low_classification_confidence,,,
39::14543fd79ed14ffefc3dcdceeed687be3536acde86ae8ab2f3d7bc97b2c38212::author,39,Erwin Schrödinger,Che cos’è la vita?,author,unknown,0.35,0.45,0.65,needs_review,low_relationship_confidence|low_classification_confidence,,,
39::965a9f76b343f6ddf2323e1549d6f01716c48bdf9e5ceb66fa8569aaf7abbf88::author,39,Erwin Schrödinger,Nature and the Greeks,author,unknown,0.35,0.45,0.65,needs_review,low_relationship_confidence|low_classification_confidence,,,
39::728540d7258dbe1b5c9297d849cb3c64fe28598cace4e384cbc8f804877bda41::author,39,Erwin Schrödinger,Q122039959,author,unknown,0.35,0.45,0.65,needs_review,low_relationship_confidence|low_classification_confidence,,,
39::b34502eeb1105afdb9bc23d100c3f1f33fd012b62ebe6e9e2618f604808133bf::author,39,Erwin Schrödinger,Science and humanism; physics in our time,author,unknown,0.35,0.45,0.65,needs_review,low_relationship_confidence|low_classification_confidence,,,
39::d0508bc1595bccc6a7d4b7af39d5afa7f9c86b16c5804ea41a96a6f3a2e38409::author,39,Erwin Schrödinger,What Is Life?,author,unknown,0.35,0.45,0.65,needs_review,low_relationship_confidence|low_classification_confidence,,,
963::7c5b99851897e8688be1647366f04d4e9039de23d805b4d4a625348d57837966::author,963,Frances H. Arnold,Q136881524,author,unknown,0.35,0.45,0.65,needs_review,low_relationship_confidence|low_classification_confidence,,,
963::40ec0e21fd3ae682a2dd49798db9aacfc7d176ca1d161d0b66bca89205c2e845::author,963,Frances H. Arnold,Q136881526,author,unknown,0.35,0.45,0.65,needs_review,low_relationship_confidence|low_classification_confidence,,,
963::98cfa022ee8950e9d3e338f311ae2f11db143fbb40bea6cec6b07160a31a817d::author,963,Frances H. Arnold,Q136881527,author,unknown,0.35,0.45,0.65,needs_review,low_relationship_confidence|low_classification_confidence,,,
963::e3f926b9f7de1dbbf30a214352875f0c6c0c936a61e5e1958cd4fb540807527e::author,963,Frances H. Arnold,Q136881529,author,unknown,0.35,0.45,0.65,needs_review,low_relationship_confidence|low_classification_confidence,,,
963::9aee3be48f48c99bd1e24d362cd6afc652da8852498ba9ae6cc4c4681d134f84::author,963,Frances H. Arnold,Q136881530,author,unknown,0.35,0.45,0.65,needs_review,low_relationship_confidence|low_classification_confidence,,,
963::50d27ed406ef00255e94ee868bde68063d5f6bbeb4deab6ec2e4200754c1e45f::author,963,Frances H. Arnold,Q136881531,author,unknown,0.35,0.45,0.65,needs_review,low_relationship_confidence|low_classification_confidence,,,
963::07534f1fa5ad7ddb9fb75674707dbd59051e57fe171c2ff28994915852571af1::author,963,Frances H. Arnold,Q136881537,author,unknown,0.35,0.45,0.65,needs_review,low_relationship_confidence|low_classification_confidence,,,
963::46b9b220a879600277a66ab6b1980a9b23a77e55cbb31c666889b14f511b499f::author,963,Frances H. Arnold,Q136881538,author,unknown,0.35,0.45,0.65,needs_review,low_relationship_confidence|low_classification_confidence,,,
963::7d7633cd84cfee5a28e494e147a17ea7116dd981efdc20b1732e1b11c45a1af4::author,963,Frances H. Arnold,Q136881539,author,unknown,0.35,0.45,0.65,needs_review,low_relationship_confidence|low_classification_confidence,,,
963::2ca5d92bb28f301224f8f827f85a82748aa14e789f9e715e6ed236c7fe1e3ba7::author,963,Frances H. Arnold,Q136952330,author,unknown,0.35,0.45,0.65,needs_review,low_relationship_confidence|low_classification_confidence,,,
963::20baab1ff5b9d172accfdd1538f8129cbd5cf25e9eb9a8af1aaa19505fd19269::author,963,Frances H. Arnold,Q136952334,author,unknown,0.35,0.45,0.65,needs_review,low_relationship_confidence|low_classification_confidence,,,
963::87cd3a32c3111c8139568fac405a460e7f9fcf19c2109314aa5b454bb4b20717::author,963,Frances H. Arnold,Q136952352,author,unknown,0.35,0.45,0.65,needs_review,low_relationship_confidence|low_classification_confidence,,,
963::e17eebcb5199520a29c6257201d95a1e334bceaba2fd60fb180e626d381f3ca2::author,963,Frances H. Arnold,Q136952356,author,unknown,0.35,0.45,0.65,needs_review,low_relationship_confidence|low_classification_confidence,,,
963::9df30f9736301e63e06fc73fcf318525f3a2ec117c1a468610fb1ddc25c13f3e::author,963,Frances H. Arnold,Q136952371,author,unknown,0.35,0.45,0.65,needs_review,low_relationship_confidence|low_classification_confidence,,,
963::1522f3eac77df697dab2b3b7fae70c03b235df8949cc92158831e9e8efb7ee6b::author,963,Frances H. Arnold,Q136952372,author,unknown,0.35,0.45,0.65,needs_review,low_relationship_confidence|low_classification_confidence,,,
963::2338263a6ed886c433e70757d8b911a994621c5a4525c7649b80e7a2144c6737::author,963,Frances H. Arnold,Q136952378,author,unknown,0.35,0.45,0.65,needs_review,low_relationship_confidence|low_classification_confidence,,,
372::869779e13d9656d9288c7137718339cc9db886cf129fefb4bc5f7f98ee683406::author,372,Francis Crick,Life Itself: Its Origin and Nature,author,unknown,0.35,0.45,0.65,needs_review,low_relationship_confidence|low_classification_confidence,,,
372::f113b08ae8462119c93ad2e7bd2a276fcb18edb5d9cd85fe2d9569fd919577d9::author,372,Francis Crick,What Mad Pursuit: A Personal View of Scientific Discovery,author,unknown,0.35,0.45,0.65,needs_review,low_relationship_confidence|low_classification_confidence,,,
778::7e155a7d326b1927ee4a4abb717e0857a77bc426af5c04b5f247397c74afe817::author,778,Frank Wilczek,A Beautiful Question: Finding Nature's Deep Design,author,unknown,0.35,0.45,0.65,needs_review,low_relationship_confidence|low_classification_confidence,,,
778::2bd2c13b4f818591737444f58f35abc66ffe29e6754ee7d630eca2473bdca901::author,778,Frank Wilczek,Fundamentals: Ten Keys to Reality,author,unknown,0.35,0.45,0.65,needs_review,low_relationship_confidence|low_classification_confidence,,,
778::8474aa95db5bb6f983b831d26b81ca97d3c434083f621a8339d8dbd719913d2c::author,778,Frank Wilczek,The dialogues: conversations about the nature of the universe,author,unknown,0.35,0.45,0.65,needs_review,low_relationship_confidence|low_classification_confidence,,,
380::19e8199953a2b873409affbdc890d5f57e1544549fe6dda93b21549622dff78c::author,380,François Jacob,Q116190953,author,unknown,0.35,0.45,0.65,needs_review,low_relationship_confidence|low_classification_confidence,,,
380::5e2a2e45a911b4a83ace58898fd1602e7c258903c00d75ec9308928113a9d646::author,380,François Jacob,Q125379485,author,unknown,0.35,0.45,0.65,needs_review,low_relationship_confidence|low_classification_confidence,,,
380::6f99e6cd29da0755e804cfb1aa95131aec1f43be8705614ea751b7aa6551b970::author,380,François Jacob,Q25382443,author,unknown,0.35,0.45,0.65,needs_review,low_relationship_confidence|low_classification_confidence,,,
824::93e20bb9dc42a7700900b9864307ea92e0083bccdc5ec8077dc4a564491873ef::author,824,Françoise Barré-Sinoussi,Q122047798,author,unknown,0.35,0.45,0.65,needs_review,low_relationship_confidence|low_classification_confidence,,,
179::0772cd8800521127d91e005d55e121445274cfd6e0bd0da22fc5fdf70d089146::author,179,Frederick Soddy,"Wealth, Virtual Wealth and Debt",author,unknown,0.35,0.45,0.65,needs_review,low_relationship_confidence|low_classification_confidence,,,
193::a431fb9809c62110b61b11c1feae629e639cd3ff5574b819013d62754a6c8506::editor,193,Frédéric Joliot,La Pensée et l'Action,editor,unknown,0.35,0.45,0.65,needs_review,low_relationship_confidence|low_classification_confidence,,,
193::4e1ac10dd6286e527397b132e304df38e37dfac163740d11af620871aab64a05::editor,193,Frédéric Joliot,La Pensée et l’Action,editor,unknown,0.35,0.45,0.65,needs_review,low_relationship_confidence|low_classification_confidence,,,
1036::b928ba4b53a46d93e2516bc0c1af16cb870ab28bde4d6d6561ba8ac99d4ff4eb::author,1036,Gary Ruvkun,Q136915578,author,unknown,0.35,0.45,0.65,needs_review,low_relationship_confidence|low_classification_confidence,,,
1036::33ec19fabc709f2e22b0aad2802e44f8e59dec0741d9c67e658a6514c9c31882::author,1036,Gary Ruvkun,Q136915579,author,unknown,0.35,0.45,0.65,needs_review,low_relationship_confidence|low_classification_confidence,,,
1036::64d1fd23c3fdbbacf0271c6da94ad91363b4175d6373759b7fecc7d201e8d7d0::author,1036,Gary Ruvkun,Q136915587,author,unknown,0.35,0.45,0.65,needs_review,low_relationship_confidence|low_classification_confidence,,,
1036::172fd0f40a266748fcfa929f02144428a937a0bdde4b92b57c9a325bd4fe2bd0::author,1036,Gary Ruvkun,Q136915591,author,unknown,0.35,0.45,0.65,needs_review,low_relationship_confidence|low_classification_confidence,,,
1036::2b2a738e8989e8452693b11bea2bd41c334e438fbc6f5be75e5c208add786e30::author,1036,Gary Ruvkun,Q136915596,author,unknown,0.35,0.45,0.65,needs_review,low_relationship_confidence|low_classification_confidence,,,
1038::6b037565c1dc7c25f1ba71c0d8466028d772768063efbf07c1d466a35b146c3e::author,1038,Geoffrey Hinton,Boltzmann Machines: Constraint Satisfaction Networks that Learn,author,unknown,0.35,0.45,0.65,needs_review,low_relationship_confidence|low_classification_confidence,,,
421::bdbc5f574a99740ea93a8bbd8d3a320e99d1c9fa183cd810f2d98c13d3088037::author,421,George D. Snell,Biology of the laboratory mouse,author,unknown,0.35,0.45,0.65,needs_review,low_relationship_confidence|low_classification_confidence,,,
405::ea22773ec23eec6e90d97769b416ddfec9141217a00a30360df6bb676e6f31eb::editor,405,George E. Palade,Annual Review of Cell Biology,editor,unknown,0.35,0.45,0.65,needs_review,low_relationship_confidence|low_classification_confidence,,,
840::f8889dba34e277df2b1df8803d02ed8272c51178945df6f044ee149564ae618e::author,840,George E. Smith,P.O.W.: Two Years with the Vietcong,author,unknown,0.35,0.45,0.65,needs_review,low_relationship_confidence|low_classification_confidence,,,
805::bafa9d34e7901f58a5c7e1cd0cca00f228d846926fdb111c1b6359c61b710750::author,805,George F. Smoot,George Smoot: The design of the universe,author,unknown,0.35,0.45,0.65,needs_review,low_relationship_confidence|low_classification_confidence,,,
805::1ebe46e78841cd54bd485add35b5d91b0dbd70bb57b835df6b54c27c832b440e::author,805,George F. Smoot,Q136793271,author,unknown,0.35,0.45,0.65,needs_review,low_relationship_confidence|low_classification_confidence,,,
805::b41eae03d292af69ad8d6e1a1f3782fe56c2e9e8ba481263af78a2fb0f448f0f::author,805,George F. Smoot,Wrinkles in Time,author,unknown,0.35,0.45,0.65,needs_review,low_relationship_confidence|low_classification_confidence,,,
45::857e7f7de1b9ec0dffaef94d0d0773e27126a99a015c7e7d1d2f6f5bccc4916a::author,45,George Paget Thomson,The foreseeable future,author,unknown,0.35,0.45,0.65,needs_review,low_relationship_confidence|low_classification_confidence,,,
387::af9a8a57bf4a52a31a67e319cee6d1f0fdd3673d11f7efb3ca0057067b59b58c::author,387,George Wald,"""... Therefore choose life""",author,unknown,0.35,0.45,0.65,needs_review,low_relationship_confidence|low_classification_confidence,,,
201::3345e667a7e5981b812297bcfea76c8b4e0563237f2136c71e5cb6bde76b2171::author,201,George de Hevesy,Adventures in radioisotope research;,author,unknown,0.1,0.7,0.65,needs_review,low_relationship_confidence|low_classification_confidence,,,
142::609a4d6eaadd3a82a463aa6fd178a71411ddc3c0c7a0aef828fd2afc249d6a20::author,142,Georges Charpak,Megawatts and Megatons,author,unknown,0.35,0.45,0.65,needs_review,low_relationship_confidence|low_classification_confidence,,,
398::d6ed050d2991954c721caad4a64141022146edffb4b19dfbc279051e4495d293::author,398,Gerald M. Edelman,Neural Darwinism – The Theory of Neuronal Group Selection,author,unknown,0.57,0.7,0.65,needs_review,low_relationship_confidence|low_classification_confidence,,,
398::c838de446037a2a49a8e82b6ee9a21002a6cc6f112a8951cdaffdcbc1b1bfc9b::author,398,Gerald M. Edelman,Wider than the Sky,author,unknown,0.35,0.45,0.65,needs_review,low_relationship_confidence|low_classification_confidence,,,
398::a7655d5f9159263b4f038a8157c1e91928923d6cf00937019b263b3b7368c51e::author,398,Gerald M. Edelman,neural Darwinism,author,unknown,0.35,0.45,0.65,needs_review,low_relationship_confidence|low_classification_confidence,,,
158::9b7032b2b00098c3991c6d97f4de210eb5376b33ec182a70e42736cc82eada2d::editor,158,Gerardus 't Hooft,Foundations of Physics,editor,unknown,0.35,0.45,0.65,needs_review,low_relationship_confidence|low_classification_confidence,,,
240::014ac8b84741203986e939c5e96b2c5edee603538b734f3bef58a471732de74c::author,240,Gerhard Herzberg,Infrared and Raman Spectra of Polyatomic Molecules,author,unknown,0.35,0.45,0.65,needs_review,low_relationship_confidence|low_classification_confidence,,,
240::d8f6e769f256fb3417015c6ed632677a1a448d234b80b4b7e61b13c87679f9db::author,240,Gerhard Herzberg,Molecular Spectra and Molecular Structure,author,unknown,0.57,0.7,0.65,needs_review,low_relationship_confidence|low_classification_confidence,,,
240::0fa812a0449c15e6db605be6c9b681841bc33bb1e5ee37cb4915946f6e7fd59b::author,240,Gerhard Herzberg,Molecular Spectra and Molecular Structure IV. Constants of Diatomic Molecules,author,unknown,0.57,0.7,0.65,needs_review,low_relationship_confidence|low_classification_confidence,,,
240::8befb3560d21139bdd15d8db63e5401c91d5593b98c1157a894a9a31a099c277::author,240,Gerhard Herzberg,Molecular Spectra and Molecular Structure: III. Electronic Spectra and Electronic Structure of Polyatomic Molecules.,author,unknown,0.57,0.7,0.65,needs_review,low_relationship_confidence|low_classification_confidence,,,
240::5d80c3459111b4b935c9638e733d82bb5fb2ee82325d9438081aba3b3819a1ca::author,240,Gerhard Herzberg,"Molecular spectra and molecular structure: I,. Spectra of diatomic molecules",author,unknown,0.57,0.7,0.65,needs_review,low_relationship_confidence|low_classification_confidence,,,
240::1f3b358b2d1b5be78f67099ff7e1def6da5c02c2bf4b4c020b6a22d4d93a845d::author,240,Gerhard Herzberg,"Molecular spectra and molecular structure: II,. Infrared and Raman spectra of polyatomic molecules",author,unknown,0.57,0.7,0.65,needs_review,low_relationship_confidence|low_classification_confidence,,,
213::290de87f3f37f83cd82b0396db01fdac2f7d4e0c661e91767f15ee899d9f8a91::author,213,Glenn T. Seaborg,Elements of the Universe,author,unknown,0.35,0.45,0.65,needs_review,low_relationship_confidence|low_classification_confidence,,,
213::fc9c65d6094f8d1809740bc16ed26f60cf3e1e0dabeac441ec5e922d2cb0c62d::editor,213,Glenn T. Seaborg,The actinide elements,editor,unknown,0.35,0.45,0.65,needs_review,low_relationship_confidence|low_classification_confidence,,,
213::a30cf7d753946bc7ccd82f1ce8ec349a629915122a3e46d5b2af6059a9ec165c::editor,213,Glenn T. Seaborg,The transuranium elements ; research papers,editor,unknown,0.35,0.45,0.65,needs_review,low_relationship_confidence|low_classification_confidence,,,
13::7e6de563443de2f9d852ee01043b31ec4d48f68c44bfb40256105f468f927cef::author,13,Guglielmo Marconi,Apparatus Employed in Wireless Telegraphy,author,unknown,0.35,0.45,0.65,needs_review,low_relationship_confidence|low_classification_confidence,,,
13::be681a577fa1e85fed17f37bd5c2104740da69055e55954eb68940ea91f4672d::author,13,Guglielmo Marconi,Apparatus Employed in Wireless Telegraphy,author,unknown,0.35,0.45,0.65,needs_review,low_relationship_confidence|low_classification_confidence,,,
13::9e53f8bdcebd3f2c997b8ce55c2e26b53f0badaf01ecc328672a464ad5d23911::author,13,Guglielmo Marconi,Apparatus Employed in Wireless Telegraphy,author,unknown,0.35,0.45,0.65,needs_review,low_relationship_confidence|low_classification_confidence,,,
13::43621d5be9b1cf368610d8603e0a3614414cedbec17b62088bd626772899a5c5::author,13,Guglielmo Marconi,Apparatus Employed in Wireless Telegraphy,author,unknown,0.35,0.45,0.65,needs_review,low_relationship_confidence|low_classification_confidence,,,
13::12e4ffd7b0a59e77acae8b8344aba1f03637d767a3f22efaeb6929732d823929::author,13,Guglielmo Marconi,Receiver for Electrical Oscillations,author,unknown,0.35,0.45,0.65,needs_review,low_relationship_confidence|low_classification_confidence,,,
13::43c6e301ffd91a6941a7367ff4f00383ed4446c694eb1e5bcf373514dd704243::author,13,Guglielmo Marconi,Transmitting Electrical Signals,author,unknown,0.35,0.45,0.65,needs_review,low_relationship_confidence|low_classification_confidence,,,
13::80c66f8bb9543f172b5bc343ab194d8f27092d5707aae471d1e4ae652b3d7e0d::author,13,Guglielmo Marconi,Wireless Signaling System,author,unknown,0.35,0.45,0.65,needs_review,low_relationship_confidence|low_classification_confidence,,,
751::67105c488e650f6db391689eaf9b36dcd17c40778f9e32c7dd9b272df05bff70::author,751,H. Robert Horvitz,Q136948168,author,unknown,0.35,0.45,0.65,needs_review,low_relationship_confidence|low_classification_confidence,,,
751::3dd8c568822f241557fc825c948662d48515b4aacee659570b3604d1c4d45f09::author,751,H. Robert Horvitz,Q136948170,author,unknown,0.35,0.45,0.65,needs_review,low_relationship_confidence|low_classification_confidence,,,
751::7b1ccb4879935a90a1183aed9700334d787986f04ff13a6e396e13e829215213::author,751,H. Robert Horvitz,Q136948173,author,unknown,0.35,0.45,0.65,needs_review,low_relationship_confidence|low_classification_confidence,,,
91::0e6a4e26918c233636979a44276dbf6e9fc528f03cb24655390e06b544b50ef9::author,91,Hannes Alfvén,Cosmical electrodynamics,author,unknown,0.35,0.45,0.65,needs_review,low_relationship_confidence|low_classification_confidence,,,
91::fe2a6a1d6b4fe022228c56f6da417df91ca954d06ee4bdddb2bafb556830a766::author,91,Hannes Alfvén,The End of Man?,author,unknown,0.35,0.45,0.65,needs_review,low_relationship_confidence|low_classification_confidence,,,
91::208545e061ad3915ec556ae8e3398e20dfdbdb85a1d60f2afca2e9476b0aa0a7::author,91,Hannes Alfvén,The Great Computer. A Vision,author,unknown,0.35,0.45,0.65,needs_review,low_relationship_confidence|low_classification_confidence,,,
88::e8d5319564a4666e063b5bb4f5f0f6003f52b125bbff4e608ef39a4e8c3229f3::author,88,Hans Bethe,Elementary nuclear theory : a short course on selected topics,author,unknown,0.35,0.45,0.65,needs_review,low_relationship_confidence|low_classification_confidence,,,
88::f487f5e38e085a1a6ff3892e3220aa8b56e3adbd2a8754f9542bf86eb6a50667::author,88,Hans Bethe,Mesons and fields. Vol. 2 Mesons,author,unknown,0.35,0.45,0.65,needs_review,low_relationship_confidence|low_classification_confidence,,,
329::123f7da6f1c31f34485190e1a8f8a47a9c52fe4498c50b5c4ad9abb56a16cfce::author,329,Hans Spemann,Embryonic development and induction / Hans Spemann,author,unknown,0.35,0.45,0.65,needs_review,low_relationship_confidence|low_classification_confidence,,,
823::d0060945edfe89d46f0df551b787b6cc8e4c4113049b5c99f8578a52be491dd4::author,823,Harald zur Hausen,European Academy of Cancer Sciences,author,unknown,0.35,0.45,0.65,needs_review,low_relationship_confidence|low_classification_confidence,,,
192::0551074814653cb59f1fffd41031c7c91366bdcf8b79f794ea33fe0e9df88634::editor,192,Harold C. Urey,Journal of Chemical Physics,editor,unknown,0.35,0.45,0.65,needs_review,low_relationship_confidence|low_classification_confidence,,,
192::a596c3356ecb18f9176978d6f3662866d5fb71962512235930252c5ff3d40937::author,192,Harold C. Urey,"The planets, their origin and development",author,unknown,0.35,0.45,0.65,needs_review,low_relationship_confidence|low_classification_confidence,,,
441::154c76bb6280ccecabc1adf5c60e7705e92b25797ec31158cef0a5ea80c7ec55::author,441,Harold E. Varmus,Bethesda Statement on Open Access Publishing,author,unknown,0.35,0.45,0.65,needs_review,low_relationship_confidence|low_classification_confidence,,,
441::7f0fd923e958b82d8aab5e7d9da35da95603477d0e5f8cab2292124e2847125e::author,441,Harold E. Varmus,Q136832547,author,unknown,0.35,0.45,0.65,needs_review,low_relationship_confidence|low_classification_confidence,,,
441::163822bbb6d4e7a73666cc02833dd88c08fd4376d51321ecf45311353b7c820e::author,441,Harold E. Varmus,Q136832552,author,unknown,0.35,0.45,0.65,needs_review,low_relationship_confidence|low_classification_confidence,,,
441::c8378ed361000d287239535c7ec242feb83389501dd95747b42cf968431ddfe7::author,441,Harold E. Varmus,Q136832553,author,unknown,0.35,0.45,0.65,needs_review,low_relationship_confidence|low_classification_confidence,,,
441::3cb43e97b7c408bfd97c380bea25a7f59e251c56dd638c6713bfbf0a446df86b::author,441,Harold E. Varmus,Q136832567,author,unknown,0.35,0.45,0.65,needs_review,low_relationship_confidence|low_classification_confidence,,,
441::d3ca1c7e0085cdd4318824b944defa2ad5f04ae933c1201bcee20d82d7c87816::author,441,Harold E. Varmus,Q136832568,author,unknown,0.35,0.45,0.65,needs_review,low_relationship_confidence|low_classification_confidence,,,
441::0ff50d5c300ac2f6a456e8bce1c8bd600635ba74d0f9e6a450c22f4262ebd0db::author,441,Harold E. Varmus,Q136832572,author,unknown,0.35,0.45,0.65,needs_review,low_relationship_confidence|low_classification_confidence,,,
441::10bf007d7e0f4ca9b9cb54a928d2768587fde5cf49a1f1112a97e170fe0a3b90::author,441,Harold E. Varmus,Q136832574,author,unknown,0.35,0.45,0.65,needs_review,low_relationship_confidence|low_classification_confidence,,,
441::a76b03ece10a716eab7cf20c48ab086eafb0dfa136c682fe28968ab743d5f88d::author,441,Harold E. Varmus,Q136832575,author,unknown,0.35,0.45,0.65,needs_review,low_relationship_confidence|low_classification_confidence,,,
441::25efacff25baf6bdc9f844f37fc47a89337f987a0c31bf7c4ac1383973ab9a72::author,441,Harold E. Varmus,Q136832592,author,unknown,0.35,0.45,0.65,needs_review,low_relationship_confidence|low_classification_confidence,,,
441::3939f6ab49f57cfef6aac3fe5526c9c32b1ea03a8e46f44ad7c67f8835d5d735::author,441,Harold E. Varmus,Q136832595,author,unknown,0.35,0.45,0.65,needs_review,low_relationship_confidence|low_classification_confidence,,,
441::28dc4ae5d66c69a0704f854559f179e47f7454a3fbd5dcade5db08f017d89a85::author,441,Harold E. Varmus,Q136832598,author,unknown,0.35,0.45,0.65,needs_review,low_relationship_confidence|low_classification_confidence,,,
441::39508581931148ef8777db23fd912fb040a50526241080bd6fba982fcc2bd994::author,441,Harold E. Varmus,Q136832606,author,unknown,0.35,0.45,0.65,needs_review,low_relationship_confidence|low_classification_confidence,,,
441::33020baea8d232eeb4dae30279c3edceea7307506ad4345b45c5700abb0032cb::author,441,Harold E. Varmus,Q136832611,author,unknown,0.35,0.45,0.65,needs_review,low_relationship_confidence|low_classification_confidence,,,
441::c2e68460204b32363a144431619a798fa3aa5ff534080aa74ae63a5191c87ea0::author,441,Harold E. Varmus,Q136832612,author,unknown,0.35,0.45,0.65,needs_review,low_relationship_confidence|low_classification_confidence,,,
441::6dbfac6c89f137c5dd6a3482bfb13d00cef5d8caabed9c4a49033ba9cfb2a987::author,441,Harold E. Varmus,Q136832627,author,unknown,0.35,0.45,0.65,needs_review,low_relationship_confidence|low_classification_confidence,,,
441::180531f330eb53eefd51663b681f3e4307f9d4293b1e30bd40a2ce9c0072d450::author,441,Harold E. Varmus,Q136832630,author,unknown,0.35,0.45,0.65,needs_review,low_relationship_confidence|low_classification_confidence,,,
441::48911acb826afc5235efc01ee85dd36ed1aab7922a214a17518b5af462c12fcb::author,441,Harold E. Varmus,Q136832631,author,unknown,0.35,0.45,0.65,needs_review,low_relationship_confidence|low_classification_confidence,,,
441::b4a398dd073f7487f4884498284a92cfe321ab0ecb6b7ecb777c2f6176f9e1e5::author,441,Harold E. Varmus,Q136832632,author,unknown,0.35,0.45,0.65,needs_review,low_relationship_confidence|low_classification_confidence,,,
441::11ccbcdcabb21ef9fdaf283c2f6b27792e7f5d2138cb3fa5962ddba43fb992f5::author,441,Harold E. Varmus,Q136832638,author,unknown,0.35,0.45,0.65,needs_review,low_relationship_confidence|low_classification_confidence,,,
441::a2adb3e3cc33b0e1b2c89eedb3c63f50457dee2ec27b8450ef02d0f712441dc0::author,441,Harold E. Varmus,Q136832647,author,unknown,0.35,0.45,0.65,needs_review,low_relationship_confidence|low_classification_confidence,,,
441::18e193ca69702676f2e473c673c541af8810f6a0edf7b9d275a4780738506b2e::author,441,Harold E. Varmus,Q136909434,author,unknown,0.35,0.45,0.65,needs_review,low_relationship_confidence|low_classification_confidence,,,
441::985b1a10e39d040d38ddd52bffeec165f6f8121659175100cc057a709873e6b2::author,441,Harold E. Varmus,Q136909435,author,unknown,0.35,0.45,0.65,needs_review,low_relationship_confidence|low_classification_confidence,,,
441::eb8620565d94d0a4809d0eb9aa1508c226537f091e6a4a235596e47312214b31::author,441,Harold E. Varmus,Q136909436,author,unknown,0.35,0.45,0.65,needs_review,low_relationship_confidence|low_classification_confidence,,,
441::f2378523cff6f4f585f8248ff3199b50ac405f62729da065c89fdaa4f707def9::author,441,Harold E. Varmus,Q136909440,author,unknown,0.35,0.45,0.65,needs_review,low_relationship_confidence|low_classification_confidence,,,
441::9dd8384d946d56a9b58dbd2e77869ddfa316be7571a43a7f5af454b6eefe1996::author,441,Harold E. Varmus,Q136909443,author,unknown,0.35,0.45,0.65,needs_review,low_relationship_confidence|low_classification_confidence,,,
441::e8680c3b3c389acf866f2c33f56652b1670efe6686d693c358587b9dd3dbca76::author,441,Harold E. Varmus,Q136909444,author,unknown,0.35,0.45,0.65,needs_review,low_relationship_confidence|low_classification_confidence,,,
441::883cbbfa54ee28edeebb5f4dedb2bd1a729f74dd966d2ff62afb34a43ce2cc0e::author,441,Harold E. Varmus,Q136909449,author,unknown,0.35,0.45,0.65,needs_review,low_relationship_confidence|low_classification_confidence,,,
441::a0ba60c1b6725325bbb3c5022384d9a110fa25b7e6bdaf117c266398bb54772f::author,441,Harold E. Varmus,Q136909454,author,unknown,0.35,0.45,0.65,needs_review,low_relationship_confidence|low_classification_confidence,,,
441::4fb0070b5278f4427554349cb4b2694d3abb9ff13f45f7055888095f5bbc4431::author,441,Harold E. Varmus,Q136909459,author,unknown,0.35,0.45,0.65,needs_review,low_relationship_confidence|low_classification_confidence,,,
441::ccd8d25774d47176d7198424e7fd146b7284b09920d6ffc5d674ad0f4a9f1296::author,441,Harold E. Varmus,Q136909462,author,unknown,0.35,0.45,0.65,needs_review,low_relationship_confidence|low_classification_confidence,,,
18::d32020d6be82fd71e9b6356c1f2356772f35f646e5a8d71a08cb4224afed11bc::author,18,Heike Kamerlingh Onnes,Further experiments with liquid helium. C. On the change of electric resistance of pure metals at very low temperatures etc. IV. The resistance of pure mercury at helium temperatures,author,unknown,0.35,0.45,0.65,needs_review,low_relationship_confidence|low_classification_confidence,,,
2::a5dc59f17f9ca367b0cb402cc2241551e61823144f91bd5ce4174918a9df8efb::author,2,Hendrik A. Lorentz,Lorentz ether theory,author,unknown,0.35,0.45,0.65,needs_review,low_relationship_confidence|low_classification_confidence,,,
2::c148de95c57e8f17aabfbec7ac874504512bf15f50fff2e1bf4fbcb7d989632a::author,2,Hendrik A. Lorentz,Nova Guinea,author,unknown,0.35,0.45,0.65,needs_review,low_relationship_confidence|low_classification_confidence,,,
2::93292e408c8b340dae1702f924966e5e4c9a8f26283f82158095cea1b952cf88::author,2,Hendrik A. Lorentz,Q17348520,author,unknown,0.35,0.45,0.65,needs_review,low_relationship_confidence|low_classification_confidence,,,
2::20d71aec37f4ee139cae4520fcab7666edfaece0ab81c01e58de2e0db02076f6::author,2,Hendrik A. Lorentz,Q19231347,author,unknown,0.35,0.45,0.65,needs_review,low_relationship_confidence|low_classification_confidence,,,
2::16a3282b347fd03c41ff9c1dccf1fe804126764a110aa30fdccf2b358dcfdac0::author,2,Hendrik A. Lorentz,The principle of relativity: a collection of original memoirs on the special and general theory of relativity,author,unknown,0.1,0.7,0.65,needs_review,low_relationship_confidence|low_classification_confidence,,,
2::cc828d9260f076f658b34f03a483bef079f50025789df2976d604f4b425df4b9::author,2,Hendrik A. Lorentz,Translation:The Principle of Relativity (Lorentz),author,unknown,0.35,0.45,0.65,needs_review,low_relationship_confidence|low_classification_confidence,,,
165::3824158eedc31b21ee2bf602374b3076422d930770637b689343f86a37159cad::author,165,Henri Moissan,Q19226634,author,unknown,0.35,0.45,0.65,needs_review,low_relationship_confidence|low_classification_confidence,,,
139::9f596ff7b841f90a50ebdc017bdead7fb05251aa67d88af2ad1929f6d15f7ee2::author,139,Henry W. Kendall,World Scientists' Warning to Humanity,author,unknown,0.35,0.45,0.65,needs_review,low_relationship_confidence|low_classification_confidence,,,
338::87e4f11cf6a390dce4d012f31395bdda2ee184918d5d0f95e9eb60651f0f2f30::author,338,Herbert S. Gasser,Electrical Signs of Nervous Activity,author,unknown,0.35,0.45,0.65,needs_review,low_relationship_confidence|low_classification_confidence,,,
216::287f645721922c28ac6dce831bc401fc10d18cc07f3a3ce2c7efa87a2d1e8ead::author,216,Hermann Staudinger,Q19189953,author,unknown,0.35,0.45,0.65,needs_review,low_relationship_confidence|low_classification_confidence,,,
301::1d5c37be1a00b9712e2d8e16930408acb9bf89d61855e4416092ce0813f2b474::author,301,Ilya Mechnikov,Citrus pectin,author,unknown,0.35,0.45,0.65,needs_review,low_relationship_confidence|low_classification_confidence,,,
301::1133461b45460270b97c3aa53794e0e7a87ee646c7554401bce81a8f4182395b::author,301,Ilya Mechnikov,Entgegnung auf die Erwiderung des Herrn Prof. Leuckart in Giessen : in Betreff der Frage uber die Nematodenentwicklung,author,unknown,0.35,0.45,0.65,needs_review,low_relationship_confidence|low_classification_confidence,,,
301::66f3aa403cd5cbef1b7190c37b1f01977609b4b5411ccf1b6da632bbd09d2c67::author,301,Ilya Mechnikov,Immunity in infective diseases,author,unknown,0.35,0.45,0.65,needs_review,low_relationship_confidence|low_classification_confidence,,,
301::47b6ee1ea49af0757b48edab189668290cdc73bfa9a49e23194fecce5eba7a96::author,301,Ilya Mechnikov,Methods for the examination of bituminous road materials,author,unknown,0.35,0.45,0.65,needs_review,low_relationship_confidence|low_classification_confidence,,,
301::02352d80b8e43474614afadb29f50791bbd3f91dd3cc696e31a99d7edd711d32::author,301,Ilya Mechnikov,"Médicaments microbiens : bactériothérapie, vaccination, sérothérapie",author,unknown,0.35,0.45,0.65,needs_review,low_relationship_confidence|low_classification_confidence,,,
301::4389d86b57e9cc37fe8243bacd3c79edbea34db5cbf6c8d0f2030060ff04087e::author,301,Ilya Mechnikov,Q51468616,author,unknown,0.35,0.45,0.65,needs_review,low_relationship_confidence|low_classification_confidence,,,
301::40b95435ab17e2af79c94dce3a7a611ce1b8e3bbe20e60dae15e526f4ea7be10::author,301,Ilya Mechnikov,Typical specifications for bituminous road materials,author,unknown,0.35,0.45,0.65,needs_review,low_relationship_confidence|low_classification_confidence,,,
301::f5e2ec58296d481e67558677e311b834e50e840a82222e4db241d37d247dcd37::author,301,Ilya Mechnikov,Typical specifications for nonbituminous road materials,author,unknown,0.35,0.45,0.65,needs_review,low_relationship_confidence|low_classification_confidence,,,
250::d9ca6a655e2d701537c4ff3749f0a14f7b429e357c7438732b5e4b7a8aada86a::author,250,Ilya Prigogine,Order Out of Chaos,author,unknown,0.35,0.45,0.65,needs_review,low_relationship_confidence|low_classification_confidence,,,
250::890e52389db1337b23d7c70d1170344757b5e2fb5526bd388b33d841e07186bc::author,250,Ilya Prigogine,Q3208948,author,unknown,0.35,0.45,0.65,needs_review,low_relationship_confidence|low_classification_confidence,,,
250::3873da1d7a8263de72b1937357083666d35694466b46d207d9021a3a8abfbeb1::author,250,Ilya Prigogine,Q3211154,author,unknown,0.35,0.45,0.65,needs_review,low_relationship_confidence|low_classification_confidence,,,
191::3a1cddc7e0bae9e00b1f943211c87ca67df3c8886cd5386b542edb6d8324a1b7::author,191,Irving Langmuir,"Phenomena, atoms and molecules: an attempt to interpret phenomena in terms of mechanisms or atomic and molecular interactions",author,unknown,0.57,0.7,0.65,needs_review,low_relationship_confidence|low_classification_confidence,,,
906::fa0560803d0e3e247345730200db3b73e6b7aa872d955bbf9fddae2a7cda45f0::author,906,Isamu Akasaki,Q106378113,author,unknown,0.35,0.45,0.65,needs_review,low_relationship_confidence|low_classification_confidence,,,
906::d673def4b1004f70feb3c2d6a4ac9c2cd8e095d06abcc6671f2c42513e17f21c::author,906,Isamu Akasaki,Q106378178,author,unknown,0.35,0.45,0.65,needs_review,low_relationship_confidence|low_classification_confidence,,,
906::841d65cf7e321f2ac69b5b53c590ce1240355f30bcca47b0cdf0321d1d6300d9::author,906,Isamu Akasaki,Q106378246,author,unknown,0.35,0.45,0.65,needs_review,low_relationship_confidence|low_classification_confidence,,,
906::850203f3de18f4bcb133b3823644a63a1b9659a360985c6367ee24771d20215a::author,906,Isamu Akasaki,Q106378358,author,unknown,0.35,0.45,0.65,needs_review,low_relationship_confidence|low_classification_confidence,,,
906::29f86bd3d1b45d86aa7eaac588824265ba1a7e0b058e795077a782ea6989c8e7::author,906,Isamu Akasaki,Q106378372,author,unknown,0.35,0.45,0.65,needs_review,low_relationship_confidence|low_classification_confidence,,,
296::7b8774f89445c68aae3fbf457c5a9b6867b464aa686fe62b9a970962e911e55d::author,296,Ivan Pavlov,Lectures on conditioned reflexes / Ivan Petrovich Pavlov. - V. 1 - 1928,author,unknown,0.72,0.7,0.65,needs_review,low_relationship_confidence|low_classification_confidence,,,
296::98018b6ba5a19b1e26e0f93a33985bf61fb24d5a1b2b96bdba62183294675789::author,296,Ivan Pavlov,Q60429423,author,unknown,0.35,0.45,0.65,needs_review,low_relationship_confidence|low_classification_confidence,,,
10::c579eb3378a4e0865e96bff46435892af0e405656f5ababdf6014a787ab04534::author,10,J.J. Thomson,Notes on recent researches in electricity and magnetism,author,unknown,0.35,0.45,0.65,needs_review,low_relationship_confidence|low_classification_confidence,,,
10::b092029e7eba5fa8eb5281990071f97bc76ca486b9ecd8a5777ae2db40b02e16::author,10,J.J. Thomson,"Poynting, John Henry",author,unknown,0.35,0.45,0.65,needs_review,low_relationship_confidence|low_classification_confidence,,,
10::208b35866ce3d61db58c8f48295d27ffeb1172e9da472a4c399a1cc9541df266::author,10,J.J. Thomson,Rays of Positive Electricity and Their Application to Chemical Analyses,author,unknown,0.35,0.45,0.65,needs_review,low_relationship_confidence|low_classification_confidence,,,
728::577e721cf580182d82f68a1100d2f80ef7eaa4af8db9fa20c0f3b4aaf70a2b6f::author,728,Jack Kilby,Miniaturized electronic circuits,author,unknown,0.35,0.45,0.65,needs_review,low_relationship_confidence|low_classification_confidence,,,
837::2b2a738e8989e8452693b11bea2bd41c334e438fbc6f5be75e5c208add786e30::author,837,Jack W. Szostak,Q136915596,author,unknown,0.35,0.45,0.65,needs_review,low_relationship_confidence|low_classification_confidence,,,
837::5baa03cac99144c27a743a4313e3e55a7a8624523bb879f1b546d6b02f73077c::author,837,Jack W. Szostak,Q137045674,author,unknown,0.35,0.45,0.65,needs_review,low_relationship_confidence|low_classification_confidence,,,
837::752fbdf72dc4d8195c1dee2c16e226e44f4830783103e3f1cf17d527ba7340d6::author,837,Jack W. Szostak,Q137045686,author,unknown,0.35,0.45,0.65,needs_review,low_relationship_confidence|low_classification_confidence,,,
837::cddc36735eb9059bd5a6241a40357ccbe8fa95e02fd10b72e7dc5ea4801ca184::author,837,Jack W. Szostak,Q137045689,author,unknown,0.35,0.45,0.65,needs_review,low_relationship_confidence|low_classification_confidence,,,
160::51ddd4388f05d3997d999295485ad657dace25ff6cc07570b39547ab6d12dd6d::author,160,Jacobus H. van 't Hoff,Lectures on theoretical and physical chemistry,author,unknown,0.72,0.7,0.65,needs_review,low_relationship_confidence|low_classification_confidence,,,
160::0bf8a0183186b67a164a7fd0fa19820671af39d5a2bd38b68c77695caafdf01b::author,160,Jacobus H. van 't Hoff,Q17348515,author,unknown,0.35,0.45,0.65,needs_review,low_relationship_confidence|low_classification_confidence,,,
382::9b791a0df780c2947db7983b6002e662a19b405e336b1b12d1f7a972872a702f::author,382,Jacques Monod,Chance and Necessity,author,unknown,0.35,0.45,0.65,needs_review,low_relationship_confidence|low_classification_confidence,,,
884::78d8deead064e59228cb6be6167d7969d7298f01975f436e8789e93b2974e1d9::author,884,James E. Rothman,Q137103944,author,unknown,0.35,0.45,0.65,needs_review,low_relationship_confidence|low_classification_confidence,,,
973::c52488213063e396e2631bee73b1f78988183664e58e3e2f9444fed10591c45d::author,973,James Peebles,Physical cosmology / P. J. E. Peebles,author,unknown,0.35,0.45,0.65,needs_review,low_relationship_confidence|low_classification_confidence,,,
373::b2102ee3589043b447fe519199038fee5617a7ac8738b216dcd552ead91022c4::author,373,James Watson,Avoid Boring People,author,unknown,0.35,0.45,0.65,needs_review,low_relationship_confidence|low_classification_confidence,,,
373::374cb5da15a41fbee8f860653d00afdbe62d9bc75e20e4d1da607b028ecc0ecd::author,373,James Watson,"Genes, Girls, and Gamow",author,unknown,0.35,0.45,0.65,needs_review,low_relationship_confidence|low_classification_confidence,,,
373::d8a65cc9b880e5b04cc52b8776953683b88e621909c19a76796ef6b809f99114::author,373,James Watson,James Watson: How we discovered DNA,author,unknown,0.35,0.45,0.65,needs_review,low_relationship_confidence|low_classification_confidence,,,
373::7fab134d2c1144a03c99a0f6e65d3e1803bdbb8f6178b15be4acf863da31b6b7::author,373,James Watson,Molecular Biology of the Gene,author,unknown,0.57,0.7,0.65,needs_review,low_relationship_confidence|low_classification_confidence,,,
373::3323925b418622ab2f0b49b2211f1b73f586c3cdda42a0f242ab1089db989087::author,373,James Watson,The Double Helix,author,unknown,0.35,0.45,0.65,needs_review,low_relationship_confidence|low_classification_confidence,,,
223::65c3d8743d3756576926e80deda6c9182e227ccb309b32eb636c23cdcff2c034::author,223,Jaroslav Heyrovsky,Q121926171,author,unknown,0.35,0.45,0.65,needs_review,low_relationship_confidence|low_classification_confidence,,,
223::6a44d867197d1fe3e755854273900ffb113712c68ed31871f5ff5e449bb35699::author,223,Jaroslav Heyrovsky,Q121926172,author,unknown,0.35,0.45,0.65,needs_review,low_relationship_confidence|low_classification_confidence,,,
223::ad17b53ec59e9836317adef31c86c0a053c0b146e69ad420c1477c0140bce6e5::author,223,Jaroslav Heyrovsky,Q121926173,author,unknown,0.35,0.45,0.65,needs_review,low_relationship_confidence|low_classification_confidence,,,
223::be0b092e9bbea110e36425522cccf5bae1fcd48f40d4cd45a86d4ed314266fc4::author,223,Jaroslav Heyrovsky,Q121926174,author,unknown,0.35,0.45,0.65,needs_review,low_relationship_confidence|low_classification_confidence,,,
223::d9cf585f4a85659e9e2b709415dbd9def564619073372e36f523e288514f9346::author,223,Jaroslav Heyrovsky,Q121984538,author,unknown,0.35,0.45,0.65,needs_review,low_relationship_confidence|low_classification_confidence,,,
32::862d3487b80285436f7bfd1d960d48dd3b7f2919d3be0961ca2f3657ffdbb53f::author,32,Jean Baptiste Perrin,Les Atomes,author,unknown,0.35,0.45,0.65,needs_review,low_relationship_confidence|low_classification_confidence,,,
32::40524eaea49fd438946903e6c72574dec364a85cb933ee2550d43c99a1ff2b29::author,32,Jean Baptiste Perrin,Les Atomes,author,unknown,0.35,0.45,0.65,needs_review,low_relationship_confidence|low_classification_confidence,,,
32::ff2bc78abbe9b51a0d0eade382457d0f4fb66414454f6990f6fbc25a6ad78f29::author,32,Jean Baptiste Perrin,Notice sur les travaux scientifiques de Jean Perrin,author,unknown,0.35,0.45,0.65,needs_review,low_relationship_confidence|low_classification_confidence,,,
32::d6f8c9a60ca9031adc8f122d861fec72af84220d38d4c2ca8bcb2e16c740aafc::author,32,Jean Baptiste Perrin,Œuvres scientifiques de Jean Perrin,author,unknown,0.35,0.45,0.65,needs_review,low_relationship_confidence|low_classification_confidence,,,
992::e329ca8158ad3e389a3d8786e34f642e92d4e87ed156765cd2fcff335ae7ddea::author,992,Jennifer A. Doudna,Jennifer Doudna: We can now edit our DNA. But let's do it wisely,author,unknown,0.35,0.45,0.65,needs_review,low_relationship_confidence|low_classification_confidence,,,
992::75da79d59fe63d88f248bd1deaa9b7af67b8027ad4c766d614955adc1f655ea9::author,992,Jennifer A. Doudna,Q136796116,author,unknown,0.35,0.45,0.65,needs_review,low_relationship_confidence|low_classification_confidence,,,
992::a8823676045eacba32d29fcf71f50fd33c551f919d6101ba7e628220832a3fee::author,992,Jennifer A. Doudna,Q136796122,author,unknown,0.35,0.45,0.65,needs_review,low_relationship_confidence|low_classification_confidence,,,
992::0824adee74c0204a63f51a506ca2511eb34b851618f8a3d10e1385311d88a2e2::author,992,Jennifer A. Doudna,Q136809163,author,unknown,0.35,0.45,0.65,needs_review,low_relationship_confidence|low_classification_confidence,,,
992::9b05b868463e64c011838307bf8bdbe4a3deac9e9f4de6efcf8fde367be26466::author,992,Jennifer A. Doudna,Q136867852,author,unknown,0.35,0.45,0.65,needs_review,low_relationship_confidence|low_classification_confidence,,,
205::fdc4c0cd7b585721cf5a909ffd723544420cf3b5f1192767a4ff035034b11ff1::author,205,John H. Northrop,Crystalline enzymes / John Howard Northrop. - 2d ed. 1948,author,unknown,0.35,0.45,0.65,needs_review,low_relationship_confidence|low_classification_confidence,,,
205::19b54ff9cafd490672491d1ca9c59ae4283227c3a2605d37284a7febdd22bc0a::author,205,John H. Northrop,The chemistry and physiology of growth,author,unknown,0.35,0.45,0.65,needs_review,low_relationship_confidence|low_classification_confidence,,,
1041::d09afdf4a2e64f9647a82f9b237c860044311c4c9e85fca0b448ce1c8d44416f::author,1041,John Jumper,Q137013604,author,unknown,0.35,0.45,0.65,needs_review,low_relationship_confidence|low_classification_confidence,,,
314::510d86c5f1a2d7e36c413c666cd24a052da05d7de6bd660ef4b4e6ea44295f4c::author,314,John Macleod,"Human physiology, especially adapted for dental students",author,unknown,0.35,0.45,0.65,needs_review,low_relationship_confidence|low_classification_confidence,,,
314::e14abd176adfec3b816342b7baa88aad1c19c5f31938d28035da4318b63b5b55::author,314,John Macleod,Observations on the glycogen content of certain invertebrates and fishes,author,unknown,0.35,0.45,0.65,needs_review,low_relationship_confidence|low_classification_confidence,,,
314::94d99dc3be34ecfe527e4f3844d3b21ef877b5b56e0fe69ff03310228872e55e::author,314,John Macleod,Physiology and biochemistry in modern medicine,author,unknown,0.57,0.7,0.65,needs_review,low_relationship_confidence|low_classification_confidence,,,
314::b2014b40d4d33f683238380c48f4a2f321789157f548db6f51511ed45add56f6::author,314,John Macleod,Physiology and biochemistry in modern medicine,author,unknown,0.57,0.7,0.65,needs_review,low_relationship_confidence|low_classification_confidence,,,
314::8de7f020338bd18cbc89297c2d0ffb6ea8835cf5f5000ad3ed73a830baa1541d::author,314,John Macleod,Physiology and biochemistry in modern medicine,author,unknown,0.57,0.7,0.65,needs_review,low_relationship_confidence|low_classification_confidence,,,
314::400f01918b28b974eaab88d83396db9783573a648157b79b7534be136d3de934::author,314,John Macleod,Physiology and biochemistry in modern medicine,author,unknown,0.57,0.7,0.65,needs_review,low_relationship_confidence|low_classification_confidence,,,
314::36e6e998a5f5789402d053e5b8eb4f6099c7456587064ae881e0ac0540e43976::author,314,John Macleod,Physiology for dental students,author,unknown,0.35,0.45,0.65,needs_review,low_relationship_confidence|low_classification_confidence,,,
314::b7492a5e21ee6d72320baaa7a2f0e9bfca0e310e460d529a5d5fd402c4408bbf::author,314,John Macleod,Recent advances in physiology and biochemistry,author,unknown,0.57,0.7,0.65,needs_review,low_relationship_confidence|low_classification_confidence,,,
314::5c1bdb115d744ffaf8464515b5a88dec3666318ee80debf25fb413e962509d89::author,314,John Macleod,The behaviour of the respirations after decerebration in the cat,author,unknown,0.35,0.45,0.65,needs_review,low_relationship_confidence|low_classification_confidence,,,
903::c7818978c352bc4e29265fbf284e963b3d64874376b2f73a791caba8656c6768::author,903,John O'Keefe,Q136790185,author,unknown,0.35,0.45,0.65,needs_review,low_relationship_confidence|low_classification_confidence,,,
903::8e75ad95f790c5bdba4dbf4bcd8cf7fbf15dcc419dae7dff3668acda3fbc028a::author,903,John O'Keefe,Q136790186,author,unknown,0.35,0.45,0.65,needs_review,low_relationship_confidence|low_classification_confidence,,,
903::c7c857be2f89ce1088838b65a78aa6af2e9e6ac5e60ac25a7641e00c76e7ac36::author,903,John O'Keefe,Q136790190,author,unknown,0.35,0.45,0.65,needs_review,low_relationship_confidence|low_classification_confidence,,,
903::f02b520137e2c81985b2730196711b881c87518ab25fe57dd276d4c2d508626b::author,903,John O'Keefe,Q136790191,author,unknown,0.35,0.45,0.65,needs_review,low_relationship_confidence|low_classification_confidence,,,
291::2827e0f40f11a6535aaf688ee9169098c39a7e674f600ffa31c66e3b8326f763::author,291,John Pople,Gaussian,author,unknown,0.57,0.7,0.65,needs_review,low_relationship_confidence|low_classification_confidence,,,
337::87e4f11cf6a390dce4d012f31395bdda2ee184918d5d0f95e9eb60651f0f2f30::author,337,Joseph Erlanger,Electrical Signs of Nervous Activity,author,unknown,0.35,0.45,0.65,needs_review,low_relationship_confidence|low_classification_confidence,,,
433::b186076ff50acc235868cb1cd18e9e11e456535ecc2a896c1edfa18712f7a66a::author,433,Joseph L. Goldstein,Q136834666,author,unknown,0.35,0.45,0.65,needs_review,low_relationship_confidence|low_classification_confidence,,,
433::d1103db8ff530ee380c23515ab4ca41160c18b6257b2f1bd8a7d8ae02a9e6fd2::author,433,Joseph L. Goldstein,Q136834668,author,unknown,0.35,0.45,0.65,needs_review,low_relationship_confidence|low_classification_confidence,,,
366::d8d16def424aa897bdc965380eb9b2e6579278cb685b5c80e6f87aac3e98b37e::author,366,Joshua Lederberg,Papers in microbial genetics ; bacteria and bacterial viruses,author,unknown,0.35,0.45,0.65,needs_review,low_relationship_confidence|low_classification_confidence,,,
366::aa2b1c6d6f58bd2c5d9c832b7a2b39cac0f024ed5a3b0e934cb282dcc6263256::author,366,Joshua Lederberg,"Tatum, Edward Lawrie (1909-1975), biochemical geneticist and Nobel Laureate",author,unknown,0.55,0.7,0.65,needs_review,low_relationship_confidence|low_classification_confidence,,,
309::c288899f24182aa0b6e9c39ef9fc01042245a7256692639e059da5fe443a79dc::author,309,Jules Bordet,Q51430128,author,unknown,0.35,0.45,0.65,needs_review,low_relationship_confidence|low_classification_confidence,,,
396::03d26f246cf146b6725b504fab24426d1c4da0ace9044d81073aadf4e86077e0::author,396,Julius Axelrod,Coexistence of Several Putative Neurotransmitters in Single Identified Neurons of 'Aplysia',author,unknown,0.35,0.45,0.65,needs_review,low_relationship_confidence|low_classification_confidence,,,
400::7ebc626a2846dac37ffae2388a5099e50dfff693fad1e919263fde6375210950::author,400,Karl von Frisch,"Bees: their vision, chemical senses, and language",author,unknown,0.35,0.45,0.65,needs_review,low_relationship_confidence|low_classification_confidence,,,
400::c117b7ba2a4a8a77b7c1807ecbd18fe5f5e0ff984f448a9e86eee993d438fa90::author,400,Karl von Frisch,Q105766712,author,unknown,0.35,0.45,0.65,needs_review,low_relationship_confidence|low_classification_confidence,,,
400::299a016df530d63fc80738da8210afcd30abbef048caa391a2e8071ab3052ba2::author,400,Karl von Frisch,The dancing bees,author,unknown,0.35,0.45,0.65,needs_review,low_relationship_confidence|low_classification_confidence,,,
278::204b8bbcabc0ba86e79d128415d1d6bb4fcc38db89c2e665272a9a713f0b9562::author,278,Kary B. Mullis,Kary Mullis: A next-gen cure for killer infections,author,unknown,0.35,0.45,0.65,needs_review,low_relationship_confidence|low_classification_confidence,,,
278::c93825e45f84630d18827f4d6593abe51746e058f3cc86203babaed7732956e1::author,278,Kary B. Mullis,Kary Mullis: Play! Experiment! Discover!,author,unknown,0.35,0.45,0.65,needs_review,low_relationship_confidence|low_classification_confidence,,,
943::873d1e207b2e2dcbd677f0187139a874ae9325f47a8b3e7021680e18f8a8ce73::author,943,Kip S. Thorne,Black Holes and Time Warps,author,unknown,0.35,0.45,0.65,needs_review,low_relationship_confidence|low_classification_confidence,,,
943::3a38c21454e3fc65b8d0a824ac58fdf0fc6c9b3652750170ca8119fae8ffa97e::editor,943,Kip S. Thorne,Black Holes: The Membrane Paradigm,editor,unknown,0.35,0.45,0.65,needs_review,low_relationship_confidence|low_classification_confidence,,,
943::c8f90d7c4bae7a1be375f56795e2625bb1a166c8b3447bd87dad7686d9aa4592::author,943,Kip S. Thorne,Gravitation,author,unknown,0.35,0.45,0.65,needs_review,low_relationship_confidence|low_classification_confidence,,,
943::3519996c4d1420bf5ad6511f5ef46ba7e13426cbcd59eb9a37e33d32c5da31ae::author,943,Kip S. Thorne,"Gravitation theory and gravitational collapse / B. K. Harrison, Kip Thorne, Masami Wakano, John Archibald Wheeler",author,unknown,0.35,0.45,0.65,needs_review,low_relationship_confidence|low_classification_confidence,,,
943::3229eb21dc3cbbb559d7b97a48c35b6a51a02e3e10be4c4124c9fec03f56c08c::author,943,Kip S. Thorne,"Hautes énergies en astrophysique: École d'été de physique théorique, cours donnés aux Houches en 1966. Volume 3",author,unknown,0.35,0.45,0.65,needs_review,low_relationship_confidence|low_classification_confidence,,,
943::20a6e9aa3615279cd63b8338fb2cffbd612350ca8a01007e0fe2a150cd748d2f::author,943,Kip S. Thorne,Q126551393,author,unknown,0.35,0.45,0.65,needs_review,low_relationship_confidence|low_classification_confidence,,,
943::17c4d474a06079d0372bbd5be2290d41054ba9799a1d8262124e0fba5a9c6870::author,943,Kip S. Thorne,Q135405361,author,unknown,0.35,0.45,0.65,needs_review,low_relationship_confidence|low_classification_confidence,,,
1000::96ba265684bf35e96ba0e88d7a1ffcade1d90c102e8a80db0f6633d7eb120bc3::author,1000,Klaus Hasselmann,Climate Change Impact on the Arctic Economy,author,unknown,0.35,0.45,0.65,needs_review,low_relationship_confidence|low_classification_confidence,,,
401::883d4f91b6f7e9bd5098fd0f336aecb8447ce314dc4036769eef9107bad7935e::author,401,Konrad Lorenz,Behind the Mirror: A Search for a Natural History of Human Knowledge,author,unknown,0.35,0.45,0.65,needs_review,low_relationship_confidence|low_classification_confidence,,,
401::4971830c9d19e35a069eadae5d520fb1dcccdfb9978c4622d40ba462c1005238::author,401,Konrad Lorenz,Civilized Man's Eight Deadly Sins,author,unknown,0.35,0.45,0.65,needs_review,low_relationship_confidence|low_classification_confidence,,,
401::acd644dc776d6896bb8407c78252269a007e90abbdde32e48f5247d8f0ccb5dc::author,401,Konrad Lorenz,E l’uomo incontrò il cane,author,unknown,0.35,0.45,0.65,needs_review,low_relationship_confidence|low_classification_confidence,,,
401::923033f847eb6672f6c07afea044aef424fcf8d3f52091e5755e79bc1af1d5c0::author,401,Konrad Lorenz,"Er redete mit dem Vieh, den Vögeln und den Fischen",author,unknown,0.35,0.45,0.65,needs_review,low_relationship_confidence|low_classification_confidence,,,
401::bcacedfd8357226386b44b5a33c7a8df477f6ed65fbb3a1fc5503be2245f50fe::author,401,Konrad Lorenz,Gli otto peccati capitali della nostra civiltà,author,unknown,0.35,0.45,0.65,needs_review,low_relationship_confidence|low_classification_confidence,,,
401::2a40cf436e81e2d4ba6390533cad128096113edbee0422ab55c1112ea019f279::author,401,Konrad Lorenz,Man Meets Dog,author,unknown,0.35,0.45,0.65,needs_review,low_relationship_confidence|low_classification_confidence,,,
401::22816d65d8470c52842e10c8679800e2ea6a612a6e0498d720e1a48c7fab0af9::author,401,Konrad Lorenz,On Aggression,author,unknown,0.35,0.45,0.65,needs_review,low_relationship_confidence|low_classification_confidence,,,
401::d904876a86e9e9a9a73534e33664642ca2ba6dcfc392a8abc267ff6531744081::author,401,Konrad Lorenz,Q122032412,author,unknown,0.35,0.45,0.65,needs_review,low_relationship_confidence|low_classification_confidence,,,
401::f09fb79240c0e999bc00c2ecaf3597d18ba60c6bbc63c5a13003f19ed3aef1f5::author,401,Konrad Lorenz,Q122124318,author,unknown,0.35,0.45,0.65,needs_review,low_relationship_confidence|low_classification_confidence,,,
401::2a044e9ed1d5cc26c8b926d2588b38e80fb236f3977a2a60092372bd90f01c44::author,401,Konrad Lorenz,Q134422994,author,unknown,0.35,0.45,0.65,needs_review,low_relationship_confidence|low_classification_confidence,,,
401::6de77041c659a1773e27624e625ffa0dfd8bc831c2ad4fb6ff7467bfd2fcb781::author,401,Konrad Lorenz,The Waning of Humaneness,author,unknown,0.35,0.45,0.65,needs_review,low_relationship_confidence|low_classification_confidence,,,
850::61db600ae62a61a2299b7a1f31e8368077b34f69604e6c1b40ef8da385249fb1::author,850,Konstantin Novoselov,Q137104308,author,unknown,0.35,0.45,0.65,needs_review,low_relationship_confidence|low_classification_confidence,,,
850::643256451efb730355e4aad79575201303945d229630356da67a76bdee7bbfc2::author,850,Konstantin Novoselov,Q137104313,author,unknown,0.35,0.45,0.65,needs_review,low_relationship_confidence|low_classification_confidence,,,
850::65ee72ed5479abc76310a803274132463e2cfb4e2fa05542b33c07f279aeefff::author,850,Konstantin Novoselov,Q137104316,author,unknown,0.35,0.45,0.65,needs_review,low_relationship_confidence|low_classification_confidence,,,
850::30b2786704f969af1c039523ab3248a8fcfcf26aafd946d3ac8775d3238a9441::author,850,Konstantin Novoselov,Q137104318,author,unknown,0.35,0.45,0.65,needs_review,low_relationship_confidence|low_classification_confidence,,,
850::9ac0bccd1a16460e3e69ba57ce7fd3d45113dbf3c9c2434f88f1a3a9154774c0::author,850,Konstantin Novoselov,Q137104323,author,unknown,0.35,0.45,0.65,needs_review,low_relationship_confidence|low_classification_confidence,,,
21::255c83ba8a0374be77060af2b76c2d967b676edb2354b28d09fa91f1c23f796a::author,21,Lawrence Bragg,The crystalline state. Vol. 1 : A general survey / William H. Bragg; W. L. Bragg. - 1933,author,unknown,0.35,0.45,0.65,needs_review,low_relationship_confidence|low_classification_confidence,,,
132::80ca5724c4cdea8e18afac7506f5ddf4a81845c87c0a2394a3722b9a4094f6dd::author,132,Leon M. Lederman,Q126653861,author,unknown,0.35,0.45,0.65,needs_review,low_relationship_confidence|low_classification_confidence,,,
95::62858ba0ddc69921b31bd7e585504550b4c5f8c54db85643fdfa92727c1e19c3::author,95,Leon N. Cooper,Q135645585,author,unknown,0.35,0.45,0.65,needs_review,low_relationship_confidence|low_classification_confidence,,,
77::1ff61fcf77e94989af3a084f1601429692c95b7905127bb84ed76bf90d9dfa65::author,77,Lev Landau,Course of Theoretical Physics,author,unknown,0.35,0.45,0.65,needs_review,low_relationship_confidence|low_classification_confidence,,,
77::e8f9a554d345016230a4a0312fc997ce3a857c02d53c1d4e75df4334478b86d6::author,77,Lev Landau,Korets-Landau leaflet,author,unknown,0.35,0.45,0.65,needs_review,low_relationship_confidence|low_classification_confidence,,,
77::dc25152e1b394b35d227b57625f785906a9f8b73e5966105abc250e8b9e200da::author,77,Lev Landau,Mechanics by Landau and Lifshitz,author,unknown,0.35,0.45,0.65,needs_review,low_relationship_confidence|low_classification_confidence,,,
77::4cc2640d79ab702038a65af32c7bb77d76072c9c19b0656dbb7d8cbd0d476667::author,77,Lev Landau,On the derivation of Klein–Fock equation,author,unknown,0.35,0.45,0.65,needs_review,low_relationship_confidence|low_classification_confidence,,,
77::da8b182d56a6ebce89d49142f0ff960254b4433b3aea4ec1bf7d28bde3170ce6::author,77,Lev Landau,Q108675025,author,unknown,0.35,0.45,0.65,needs_review,low_relationship_confidence|low_classification_confidence,,,
77::8271e2453386aa409345aa0f64fb4876144d1b733cb01527de65973957a8c1d4::author,77,Lev Landau,Q108675221,author,unknown,0.35,0.45,0.65,needs_review,low_relationship_confidence|low_classification_confidence,,,
77::dc5f522ba9fbc4223883fc6a1dd9e997b16f43dbd3f7b06b000e4da579d0401e::author,77,Lev Landau,Q108675802,author,unknown,0.35,0.45,0.65,needs_review,low_relationship_confidence|low_classification_confidence,,,
77::fb4680c04b635da11766348af80dd3b5648de94d351c1e821835c634bd781e6e::author,77,Lev Landau,Q108675860,author,unknown,0.35,0.45,0.65,needs_review,low_relationship_confidence|low_classification_confidence,,,
77::3549d12fc3371f8169884ef7b3ed963f2282a8046884335e008d658b519babd5::author,77,Lev Landau,Q108692138,author,unknown,0.35,0.45,0.65,needs_review,low_relationship_confidence|low_classification_confidence,,,
77::87322b7193b8bfbb6e1245969f72ac61ce3f4672c9c53667a37ad1e2b7ae2e40::author,77,Lev Landau,Statistical Physics,author,unknown,0.35,0.45,0.65,needs_review,low_relationship_confidence|low_classification_confidence,,,
77::b1c13fd75c3d7b97ba22163b6b4cfebc6a15230fdceb1cb4a2ade2e62fca9d31::author,77,Lev Landau,Theory of elasticity - Course of theoretical physics Volume 7,author,unknown,0.57,0.7,0.65,needs_review,low_relationship_confidence|low_classification_confidence,,,
775::08740036542d4d0704290094270e2149ad3658fbc0ec90b7f8fdaad0a059c027::author,775,Linda B. Buck,Q136784898,author,unknown,0.35,0.45,0.65,needs_review,low_relationship_confidence|low_classification_confidence,,,
217::a9ce1e09282d5d824f25f241964907010f7ef49a0fb8e7888fc4d3fbfd56ece6::author,217,Linus Pauling,No More War,author,unknown,0.35,0.45,0.65,needs_review,low_relationship_confidence|low_classification_confidence,,,
217::c44bec7ff413b0161628c6a6621ea747db6ef1b7f08e1be891d1b5f34c3a95a2::author,217,Linus Pauling,"The Nature of the Chemical Bond, and the Structure of Molecules and Crystals",author,unknown,0.35,0.45,0.65,needs_review,low_relationship_confidence|low_classification_confidence,,,
217::62d0da75874e1ef5b2142467f83e5c9b521641d6cdac4a8910d4543f6ea732a0::author,217,Linus Pauling,Vitamin C and the Common Cold,author,unknown,0.35,0.45,0.65,needs_review,low_relationship_confidence|low_classification_confidence,,,
8::2ce9ca9d674991a7df5ed2da767517443351c1102245aa70cc68207b100ad1f5::author,8,Lord Rayleigh,The theory of sound,author,unknown,0.57,0.7,0.65,needs_review,low_relationship_confidence|low_classification_confidence,,,
36::14fb31f3026d902ab64ed912bd83011a540298cc68fc158fcc039572a3ba8b5a::author,36,Louis de Broglie,Continu et discontinu en physique moderne,author,unknown,0.35,0.45,0.65,needs_review,low_relationship_confidence|low_classification_confidence,,,
36::40934332ad99342afc7f79aebe80bae194fa5822150949c9e3794fcbc23eebd0::author,36,Louis de Broglie,Continu et discontinu en physique moderne,author,unknown,0.35,0.45,0.65,needs_review,low_relationship_confidence|low_classification_confidence,,,
36::f991cf3e562856ab4b42eb3ee7fb3b51ff4213933683bb1fe4e6bd5e78f8aea8::author,36,Louis de Broglie,The revolution in physics,author,unknown,0.35,0.45,0.65,needs_review,low_relationship_confidence|low_classification_confidence,,,
233::c47771786206a54968e8f35e84cf42d40da143aa43e13a4893fd3cfe34f06344::author,233,Manfred Eigen,Laws of the game,author,unknown,0.35,0.45,0.65,needs_review,low_relationship_confidence|low_classification_confidence,,,
6::9ab823fa641e6f5e96bdae29a15cacc30aa269d1383c7d4f813941cad0cf9bc1::author,6,Marie Curie,La Radiologie et la guerre,author,unknown,0.35,0.45,0.65,needs_review,low_relationship_confidence|low_classification_confidence,,,
6::4b74266168f33a2c3af2460be10223506eb75d62759acd6fe83c9ccb02b1eb78::author,6,Marie Curie,"Les Rayons alpha, bêta, gamma des corps radioactifs en relation avec la structure nucléaire",author,unknown,0.35,0.45,0.65,needs_review,low_relationship_confidence|low_classification_confidence,,,
6::1270142d0601b5720512921cdff6ec4f103e36e80d3499eea56fb1ea4dd1168f::author,6,Marie Curie,Pierre Curie,author,unknown,0.35,0.45,0.65,needs_review,low_relationship_confidence|low_classification_confidence,,,
6::2177e198ec88d042eb9da2ebf2abcfe8c76c6f611695091fed76a669807bd702::author,6,Marie Curie,Q108167731,author,unknown,0.35,0.45,0.65,needs_review,low_relationship_confidence|low_classification_confidence,,,
6::1c98f1a5ac7aa97bb1e8283ff6c11689ecde738f538fc722347d5573d95d495a::author,6,Marie Curie,Q108844750,author,unknown,0.35,0.45,0.65,needs_review,low_relationship_confidence|low_classification_confidence,,,
6::ccff002a7c7c3de263c2ae686bff9b3a2a5781783f87066eae713018e4778fac::author,6,Marie Curie,Q108844752,author,unknown,0.35,0.45,0.65,needs_review,low_relationship_confidence|low_classification_confidence,,,
6::9636a0bce565785fd762e90cb2c5cb3e66fa089b3bf3425a69daf41b6bd9bf04::author,6,Marie Curie,Q108851057,author,unknown,0.35,0.45,0.65,needs_review,low_relationship_confidence|low_classification_confidence,,,
6::5c73e384821e9c0dde3c400b804f7a44b795cc27a82dec05f9371bc1c61bee3f::author,6,Marie Curie,Q108868683,author,unknown,0.35,0.45,0.65,needs_review,low_relationship_confidence|low_classification_confidence,,,
6::b25aa393a0474b671a97889d32399b98399c60ce35db35d2b09b50d0d984378d::author,6,Marie Curie,Q108982931,author,unknown,0.35,0.45,0.65,needs_review,low_relationship_confidence|low_classification_confidence,,,
6::75e09107a763aa8d3959382da3961bf8004035d2b3a720134e1e99c2825c3b5c::author,6,Marie Curie,Q108984633,author,unknown,0.35,0.45,0.65,needs_review,low_relationship_confidence|low_classification_confidence,,,
6::ce800ca082c75a9caf15a65fef046582bd7ed410c56a2a30172d3af4b789515d::author,6,Marie Curie,Q108984635,author,unknown,0.35,0.45,0.65,needs_review,low_relationship_confidence|low_classification_confidence,,,
6::22e7f6339b8290eadf80bd66d078f6d87a91a497a2d4f835999d5bd5a1c50ea3::author,6,Marie Curie,Q111754559,author,unknown,0.35,0.45,0.65,needs_review,low_relationship_confidence|low_classification_confidence,,,
6::da246c3cf7a905fc35557e52db5cbbdd660a26c5b7b3c3a4d5d3858da64096e5::author,6,Marie Curie,Recherches sur les substances radioactives,author,unknown,0.35,0.45,0.65,needs_review,low_relationship_confidence|low_classification_confidence,,,
6::b3956d0a2ffac6420bee39972c3c78a2728d41bddfbf04eed3205f5b5d8b9a80::author,6,Marie Curie,The Discovery of Radium,author,unknown,0.35,0.45,0.65,needs_review,low_relationship_confidence|low_classification_confidence,,,
6::13c1d5e16a3dac83415e2bfdaeccb9ba20bf98e0240d3d10627df769eb7e25a2::author,6,Marie Curie,Treatise on Radioactivity,author,unknown,0.57,0.7,0.65,needs_review,low_relationship_confidence|low_classification_confidence,,,
830::dc17f7883721688bb4fabee954cc7a5e4622abf6ba7ee1943b19d0bd7ad02813::author,830,Martin Chalfie,Q136927236,author,unknown,0.35,0.45,0.65,needs_review,low_relationship_confidence|low_classification_confidence,,,
61::98b3c84032e0754ea05c03aad70ed37195972171c316ed28039df549f90b2b9d::author,61,Max Born,Dynamical Theory of Crystal Lattices,author,unknown,0.57,0.7,0.65,needs_review,low_relationship_confidence|low_classification_confidence,,,
61::2482ff1eedc3e96f56818c051b2484c6969ecf9ae4f42cf28808d56df860c2ff::author,61,Max Born,Natural philosophy of cause and chance,author,unknown,0.35,0.45,0.65,needs_review,low_relationship_confidence|low_classification_confidence,,,
61::eb4607abb2776283ad9e95329f7c68f874813d064d4b19dcdf8c3f3e84331804::author,61,Max Born,"Principles of Optics: Electromagnetic Theory of Propagation, Interference and Diffraction of Light",author,unknown,0.96,0.7,0.65,needs_review,low_relationship_confidence|low_classification_confidence,,,
61::062afa7802722b727577b75f81d32822d4ae20e8e3a489ad9e8e99d8af4e59c9::author,61,Max Born,Q115958368,author,unknown,0.35,0.45,0.65,needs_review,low_relationship_confidence|low_classification_confidence,,,
61::f2abde22b87a113875a27464839407fdebf1300c960465a0f45e5d0230a41a04::author,61,Max Born,Q1215741,author,unknown,0.35,0.45,0.65,needs_review,low_relationship_confidence|low_classification_confidence,,,
226::395d98814efdc79475959cdc006b8e277dfa961463383b21b3bf85fdea186e08::author,226,Max F. Perutz,Ḍarūrat al-ʻilm: dirāsāt fī al-ʻilm wa-al-ʻulamāʼ,author,unknown,0.2,0.7,0.65,needs_review,low_relationship_confidence|low_classification_confidence,,,
23::130789d59bcd0a9499e60812b903661d4fae6cff1b55eb58ce2a1c517e837fe9::author,23,Max Planck,Eight Lectures on Theoretical Physics,author,unknown,0.72,0.7,0.65,needs_review,low_relationship_confidence|low_classification_confidence,,,
23::3c443d41a22e58f3950a2b7069525227c1afa6c4235ef6406a821218c3c08663::author,23,Max Planck,Q108797679,author,unknown,0.35,0.45,0.65,needs_review,low_relationship_confidence|low_classification_confidence,,,
23::52d4990814bc9e4c57d69b66a92f0d66472c86696a543b302dc37b63e0e55bbe::author,23,Max Planck,Q132818375,author,unknown,0.35,0.45,0.65,needs_review,low_relationship_confidence|low_classification_confidence,,,
23::7a0c6b4ecd22b09315a9273e934f0bc7ba1049119664cccf644006b8c551f6b7::author,23,Max Planck,Q21486002,author,unknown,0.35,0.45,0.65,needs_review,low_relationship_confidence|low_classification_confidence,,,
23::37d50bf5bc3fc5426acdfb18e5cdfc36ece58ab766bc26dd8a27dcc79b1e509f::author,23,Max Planck,Q21586941,author,unknown,0.35,0.45,0.65,needs_review,low_relationship_confidence|low_classification_confidence,,,
23::1edd175c6d637cea515ef2b4216b1dd16c81db2cd559bfcfe2a303c7e91400e9::author,23,Max Planck,The origin and development of the quantum theory,author,unknown,0.57,0.7,0.65,needs_review,low_relationship_confidence|low_classification_confidence,,,
23::8ba7a8f63127c8f8a41d0ff30600e576a5f91fa590d654da5cbf8d3be988447e::author,23,Max Planck,Theory of Heat,author,unknown,0.57,0.7,0.65,needs_review,low_relationship_confidence|low_classification_confidence,,,
23::b749674dcec6e7f5619db8c1b6a2a9d5e11314e6659e7ae5eb72fee28cc61c47::author,23,Max Planck,Translation:Notes on the Principle of Action and Reaction in General Dynamics,author,unknown,0.35,0.45,0.65,needs_review,low_relationship_confidence|low_classification_confidence,,,
23::3bb902bea74c2310a267bf93f0bd243e5c581c4b7faaa0e39f18cfcab107d79c::author,23,Max Planck,Translation:The Measurements of Kaufmann,author,unknown,0.35,0.45,0.65,needs_review,low_relationship_confidence|low_classification_confidence,,,
23::0453b8e0641bdf8e39d36c58d19756313b401d80ddbfde83a5b1db1165ff00f1::author,23,Max Planck,Translation:The Principle of Relativity and the Fundamental Equations of Mechanics,author,unknown,0.35,0.45,0.65,needs_review,low_relationship_confidence|low_classification_confidence,,,
904::1430026ff98476ead5dfd488474fd8ee5dc751fdada366a1c8f39ff04f53a3f6::author,904,May-Britt Moser,Q136794647,author,unknown,0.35,0.45,0.65,needs_review,low_relationship_confidence|low_classification_confidence,,,
904::6785bf411af59626eca564f791708fe491555ed9d04ab44eec70250e3e2e7a7e::author,904,May-Britt Moser,Q136794648,author,unknown,0.35,0.45,0.65,needs_review,low_relationship_confidence|low_classification_confidence,,,
904::f43f17db414bf7b673e049fba7775e5ec02e351ec1803c82848724273dbd544f::author,904,May-Britt Moser,Q136794649,author,unknown,0.35,0.45,0.65,needs_review,low_relationship_confidence|low_classification_confidence,,,
904::93e7e0ec462db7bfd7f8008fb5b28b7049ca1ca93eeecb638665207080d355cb::author,904,May-Britt Moser,Q136794650,author,unknown,0.35,0.45,0.65,needs_review,low_relationship_confidence|low_classification_confidence,,,
904::d150edf1834f04f6a691fd80d8db9f70b6e35ce6ce8a1016636a6ed17e318e21::author,904,May-Britt Moser,Q136794651,author,unknown,0.35,0.45,0.65,needs_review,low_relationship_confidence|low_classification_confidence,,,
904::cca6e5bc3a8fd5a1301f415c16aa802b4a04af3719eda105d2a504866b147939::author,904,May-Britt Moser,Q136794652,author,unknown,0.35,0.45,0.65,needs_review,low_relationship_confidence|low_classification_confidence,,,
904::816fd01d784c6c1ca5209bf1a0c122716b5c359108e42b547dacad8b9b6ff5b3::author,904,May-Britt Moser,Q136794656,author,unknown,0.35,0.45,0.65,needs_review,low_relationship_confidence|low_classification_confidence,,,
904::dd1146429f78fdc4c42fb8b6554a2358594ce23ee89e5b72a9c8807ecfbdb83c::author,904,May-Britt Moser,Q136794658,author,unknown,0.35,0.45,0.65,needs_review,low_relationship_confidence|low_classification_confidence,,,
904::d828df970ad0f7efae6cbd9c231c1884245ef2573362ccc48b496c813bf5720c::author,904,May-Britt Moser,Q136949267,author,unknown,0.35,0.45,0.65,needs_review,low_relationship_confidence|low_classification_confidence,,,
225::6a525d7fa6fa481180c99277000e44d01ab4580ec704099fe084e939262f0f88::author,225,Melvin Calvin,Chemistry of the metal chelate compounds,author,unknown,0.35,0.45,0.65,needs_review,low_relationship_confidence|low_classification_confidence,,,
225::30474f2588a248f9ec27250f636d49ac06b583dc9e3389a41d4d122ed073de23::author,225,Melvin Calvin,The photosynthesis of carbon compounds,author,unknown,0.35,0.45,0.65,needs_review,low_relationship_confidence|low_classification_confidence,,,
890::3b9696457b18d5ad16316cca7ecfc54e9f0956f4245052cc5c280e3c240c97c3::editor,890,Michael Levitt,Annual Review of Biomedical Data Science,editor,unknown,0.35,0.45,0.65,needs_review,low_relationship_confidence|low_classification_confidence,,,
890::255700b8f678e4e31ec3578ddf5487a0a6d5472d9c2185f3e9daddcd863edc8c::author,890,Michael Levitt,Q136923844,author,unknown,0.35,0.45,0.65,needs_review,low_relationship_confidence|low_classification_confidence,,,
890::d40b5a4d6df9044437dbb26f89ffbe0049d88284c1f40ab653654435b9a01dbe::author,890,Michael Levitt,Q136923848,author,unknown,0.35,0.45,0.65,needs_review,low_relationship_confidence|low_classification_confidence,,,
890::e1be24f935123c9a09eae100f614f5ceb407e462f47037928a7e46ad72d4c81b::author,890,Michael Levitt,Q136923855,author,unknown,0.35,0.45,0.65,needs_review,low_relationship_confidence|low_classification_confidence,,,
890::00b1fc2600a78bf9854afbde5084cf480b49b59291f7fcbca0f008620825318f::author,890,Michael Levitt,Q136923859,author,unknown,0.35,0.45,0.65,needs_review,low_relationship_confidence|low_classification_confidence,,,
890::dfd2c7e038a5f6e209a919c51caa58fe78285848979e8e4ddb535149b089868d::author,890,Michael Levitt,Q136923862,author,unknown,0.35,0.45,0.65,needs_review,low_relationship_confidence|low_classification_confidence,,,
890::589ef3e1ae4ab82892d0714218e6914fe53a6eae2a56b426405c8079b7947b49::author,890,Michael Levitt,Q136923866,author,unknown,0.35,0.45,0.65,needs_review,low_relationship_confidence|low_classification_confidence,,,
939::e879a41810acac2d4cd3dc86dfb4f97ea6bdddb5fa8b9d96a0c766c017af87c5::author,939,Michael Rosbash,Q137043302,author,unknown,0.35,0.45,0.65,needs_review,low_relationship_confidence|low_classification_confidence,,,
939::8bf3de47247fbbd1ad9774578f7a2a9611e9fc638ad0058a75b6174e2841ffe5::author,939,Michael Rosbash,Q137043334,author,unknown,0.35,0.45,0.65,needs_review,low_relationship_confidence|low_classification_confidence,,,
939::8afe2fd15dbe3e501e8d5c88730292d2be39e991f2d1d4c551c3b2fe7b848bee::author,939,Michael Rosbash,Q137043335,author,unknown,0.35,0.45,0.65,needs_review,low_relationship_confidence|low_classification_confidence,,,
939::5b6fa81625e7716fff5de9d50a8b62654a40da822a754b60a0e181e389c19769::author,939,Michael Rosbash,Q137043338,author,unknown,0.35,0.45,0.65,needs_review,low_relationship_confidence|low_classification_confidence,,,
939::30defacdb954e7ff9d41c5ad54d30fbd1ad2dde89a703e21899baddf5b21cc0e::author,939,Michael Rosbash,Q137043339,author,unknown,0.35,0.45,0.65,needs_review,low_relationship_confidence|low_classification_confidence,,,
939::01df76b1b50209bfe12d423b12628a87de60cf528d064c86cc08222bfe3ac530::author,939,Michael Rosbash,Q137043344,author,unknown,0.35,0.45,0.65,needs_review,low_relationship_confidence|low_classification_confidence,,,
939::3012eef8d0889a611e83d0242c971adcb6d797f454becfd52ca3b797cdecbc78::author,939,Michael Rosbash,Q137043345,author,unknown,0.35,0.45,0.65,needs_review,low_relationship_confidence|low_classification_confidence,,,
940::dde7433c47f3c3c5651d61614d1a38a6f2a1c98e13325d19a0c3eb535aa05313::author,940,Michael W. Young,Q136947163,author,unknown,0.35,0.45,0.65,needs_review,low_relationship_confidence|low_classification_confidence,,,
974::fdd58792fe7b6dd5f35b6b7351970230378b314ceb5940ba2ca3496a6849d267::editor,974,Michel Mayor,Galaxies,editor,unknown,0.35,0.45,0.65,needs_review,low_relationship_confidence|low_classification_confidence,,,
90::b169be6dfcc73902856791d2a48b9bc894188cf2d87dba81286dd252fcabd6f8::author,90,Murray Gell-Mann,"Murray Gell-Mann: Beauty, truth and ... physics?",author,unknown,0.35,0.45,0.65,needs_review,low_relationship_confidence|low_classification_confidence,,,
90::66e483ac7918041cf95a1398d27f668355839b4cf7016fca391ed5286911a894::author,90,Murray Gell-Mann,Murray Gell-Mann: The ancestor of language,author,unknown,0.35,0.45,0.65,needs_review,low_relationship_confidence|low_classification_confidence,,,
27::e18d09f1b0c5fa4a07a477add4535442e536c0e14e32fad14cfef01bd2a6c8d5::author,27,Niels Bohr,Niels Bohr and the development of physics,author,unknown,0.35,0.45,0.65,needs_review,low_relationship_confidence|low_classification_confidence,,,
27::e158d31326c9c49c053d20d76c7fc8f3c83e77a433cb448073e7930c149f5692::author,27,Niels Bohr,Science and civilization,author,unknown,0.35,0.45,0.65,needs_review,low_relationship_confidence|low_classification_confidence,,,
402::8e34bbc1ded7c68b54d562ef02b06eb9270f87c9d9d5cc4d5f6075cc66dea447::author,402,Nikolaas Tinbergen,Q107999270,author,unknown,0.35,0.45,0.65,needs_review,low_relationship_confidence|low_classification_confidence,,,
402::e5e9d5ca8cf04b0afbe0e2adb56a5d0758eabb0d7aef7bc793763e295ca00984::author,402,Nikolaas Tinbergen,Social behaviour in animals,author,unknown,0.35,0.45,0.65,needs_review,low_relationship_confidence|low_classification_confidence,,,
402::09b552b20556724b93a3cc27ac2b36b9c1b877c3bbb31a934c879a4b540d2931::author,402,Nikolaas Tinbergen,The Study of Instinct,author,unknown,0.35,0.45,0.65,needs_review,low_relationship_confidence|low_classification_confidence,,,
135::86bf904bb2a0c4baae9d6771d0d9907336f11bbcc75dc6cda51868485852b653::author,135,Norman F. Ramsey,"Zacharias, Jerrold Reinach (1905-1986), physicist and science educator",author,unknown,0.55,0.7,0.65,needs_review,low_relationship_confidence|low_classification_confidence,,,
1055::112f50b06f1a50dd9de99e9ddd10a82d3150daa4b32c6af68b4baec4212cb7f0::author,1055,Omar M. Yaghi,Introduction to Reticular Chemistry,author,unknown,0.6,0.7,0.65,needs_review,low_relationship_confidence|low_classification_confidence,,,
1055::6ff68e91e336d67963ac1e8979cf7af42a19a2e421a41e98bfad0aec1acdf08a::author,1055,Omar M. Yaghi,Q136906925,author,unknown,0.35,0.45,0.65,needs_review,low_relationship_confidence|low_classification_confidence,,,
202::1b4b047a004ffec2dc018072ce7bd106ceccce4922825d9202b0ce67622e6cbb::author,202,Otto Hahn,Applied Radiochemistry,author,unknown,0.35,0.45,0.65,needs_review,low_relationship_confidence|low_classification_confidence,,,
322::ebabcdb901ead842d0e1ff9514a0e85f09917ce8945fdf3a6e6e0b6860f6c744::editor,322,Otto Warburg,Biologisches Zentralblatt,editor,unknown,0.35,0.45,0.65,needs_review,low_relationship_confidence|low_classification_confidence,,,
53::67355a96932754017a38df0e690326618f73bc6e9f125d7038649cfeb37c4077::author,53,Patrick M.S. Blackett,"Fear, war, and the bomb",author,unknown,0.35,0.45,0.65,needs_review,low_relationship_confidence|low_classification_confidence,,,
40::f419d77319b102886276cab8a03b97bf96b06944c7755c6dda8e0132282fb5f4::author,40,Paul A.M. Dirac,General theory of relativity,author,unknown,0.57,0.7,0.65,needs_review,low_relationship_confidence|low_classification_confidence,,,
40::0b34c3ff8ed57d1e083411f804f628e1e7cbc44bd6a32331cdf5837f5059c33d::author,40,Paul A.M. Dirac,Principles of Quantum Mechanics,author,unknown,0.69,0.85,0.65,needs_review,low_relationship_confidence,,,
254::74f4685527ea6faa04335af717f20260266a57a7e18b24b7ec6f3f7451239ffe::author,254,Paul Berg,"A Stanford professor's career in biochemistry, science politics, and the biotechnology industry :",author,unknown,0.57,0.7,0.65,needs_review,low_relationship_confidence|low_classification_confidence,,,
287::2e79b1c4ec88992b19e26bf8aa50588e8248dcd63a96b4c3af9df5ec95c985b6::editor,287,Paul D. Boyer,Annual Review of Biochemistry,editor,unknown,0.57,0.7,0.65,needs_review,low_relationship_confidence|low_classification_confidence,,,
302::394954c6aa527fa1261da8831022bc5667b7e251499cfbc05163e1231e78eae5::author,302,Paul Ehrlich,Experimental researches on specific therapeutics,author,unknown,0.35,0.45,0.65,needs_review,low_relationship_confidence|low_classification_confidence,,,
302::fa3453818bedc43c0fa70c3d334f327ee8142cf4df8c1020b0966f14965361af::author,302,Paul Ehrlich,Gesammelte Arbeiten zur Immunitätsforschung.,author,unknown,0.35,0.45,0.65,needs_review,low_relationship_confidence|low_classification_confidence,,,
302::28e9c71f68886aece2c63bf4948c7ff92cea18b794704728c6f8c094de34914a::author,302,Paul Ehrlich,Q51395292,author,unknown,0.35,0.45,0.65,needs_review,low_relationship_confidence|low_classification_confidence,,,
246::cb1c7ab0edd6f0e5717730cfdf30af78269d6804c487f910f99a61ab0b55bd55::author,246,Paul J. Flory,Principles of Polymer Chemistry,author,unknown,0.57,0.7,0.65,needs_review,low_relationship_confidence|low_classification_confidence,,,
197::65eea6ef0aa953c05db491b8980ff6ca022d458e1be73c2d5ed59a507dbc8d15::author,197,Paul Karrer,Carotenoids,author,unknown,0.35,0.45,0.65,needs_review,low_relationship_confidence|low_classification_confidence,,,
173::132de53b272b629a9ddd0d39c0b9384572ae036e4f4077a0a0752e346f24ee2d::author,173,Paul Sabatier,Q19208166,author,unknown,0.35,0.45,0.65,needs_review,low_relationship_confidence|low_classification_confidence,,,
51::f0b0a5476e75ccd2588fbbba792d587199102b6210ac47c460d1361d17b30b22::author,51,Percy W. Bridgman,The Logic of Modern Physics,author,unknown,0.35,0.45,0.65,needs_review,low_relationship_confidence|low_classification_confidence,,,
370::32e8ace04225dfaf3053b7278151ad33f88600e7c0e53ce9e1c3af06d2df47d3::author,370,Peter Medawar,Breathing fire,author,unknown,0.35,0.45,0.65,needs_review,low_relationship_confidence|low_classification_confidence,,,
370::ed1fee59456005c2394a2a5f43470a49c708c9dde9e024fae4d9c455307f896a::author,370,Peter Medawar,Q132274144,author,unknown,0.35,0.45,0.65,needs_review,low_relationship_confidence|low_classification_confidence,,,
370::f52b4ec94b32a0b19ad7150b926b0121f0b70bc40456e2bbb243cbce0e299c97::author,370,Peter Medawar,The Future of Man,author,unknown,0.35,0.45,0.65,needs_review,low_relationship_confidence|low_classification_confidence,,,
107::95e67f649bdc55227975fc8c290600cf8375a83f2066aafd20e8692c2c1560c3::editor,107,Philip W. Anderson,Physics Physique Физика,editor,unknown,0.35,0.45,0.65,needs_review,low_relationship_confidence|low_classification_confidence,,,
9::64fa4501914fa3e5b4c2a39ec4597e9278010f2fa6eb9e76a0cdd6af3116490b::author,9,Philipp Lenard,Great Men of Science: A History of Scientific Progress,author,unknown,0.35,0.45,0.65,needs_review,low_relationship_confidence|low_classification_confidence,,,
9::ca2deceb44823f75c54f81115aa8a54384ce316832931c99d81dde297b08ad16::author,9,Philipp Lenard,Great men of science; tr. from the 2d German ed,author,unknown,0.35,0.45,0.65,needs_review,low_relationship_confidence|low_classification_confidence,,,
449::0d00aa8d33f66414447cfd09c530974d3122242ea52019620db834a0696e7e88::author,449,Phillip A. Sharp,Q136979787,author,unknown,0.35,0.45,0.65,needs_review,low_relationship_confidence|low_classification_confidence,,,
449::11b4055772e3867c4f8bda5fe9fdd1fe2d1d008b0403848b8e7f0f08b88cfc88::author,449,Phillip A. Sharp,Q136979793,author,unknown,0.35,0.45,0.65,needs_review,low_relationship_confidence|low_classification_confidence,,,
449::15c1a4bf8ae6a50d396e053bb6a862d5cd7f94b06839cde6edcb81eefc979130::author,449,Phillip A. Sharp,Q136979796,author,unknown,0.35,0.45,0.65,needs_review,low_relationship_confidence|low_classification_confidence,,,
5::cb1576d0c13474916991e2e0143f0c64ca0dd0e56279f9820b3b38a59d3610a5::author,5,Pierre Curie,Notice sur les travaux scientifiques de Pierre Curie,author,unknown,0.35,0.45,0.65,needs_review,low_relationship_confidence|low_classification_confidence,,,
5::bb437aea6de4576b4754d91a43f0864d5f611fd2f5a980c32f7846f42d557215::author,5,Pierre Curie,Q133576009,author,unknown,0.35,0.45,0.65,needs_review,low_relationship_confidence|low_classification_confidence,,,
385::72c354d228acd8ec1fd0620caf5a453838ebb16b0008dd3e5911192153206d4e::author,385,Ragnar Granit,Receptors and sensory perception,author,unknown,0.35,0.45,0.65,needs_review,low_relationship_confidence|low_classification_confidence,,,
385::ce51c1f398af338f4dc75857c3ff44a58b4dcb0971f85a7b1be6ade85aa0bca6::author,385,Ragnar Granit,The purposive brain / Ragnar Granit. - 1977,author,unknown,0.35,0.45,0.65,needs_review,low_relationship_confidence|low_classification_confidence,,,
885::03de49da2167aac611e4030cb9b2f4107dd008aa79f7c829fefbfa66504a6c87::editor,885,Randy W. Schekman,Annual Review of Cell and Developmental Biology,editor,unknown,0.35,0.45,0.65,needs_review,low_relationship_confidence|low_classification_confidence,,,
885::f92ca19f37ab7b37d1f3a1613d95f01b0e8592d8363c768ec1647e02e43358c1::author,885,Randy W. Schekman,Q136798744,author,unknown,0.35,0.45,0.65,needs_review,low_relationship_confidence|low_classification_confidence,,,
885::3f6a19ea4021878b9e3b6e14e0372f022c0efd3e7c4e4fc8323c97200cba5a75::author,885,Randy W. Schekman,Q136798751,author,unknown,0.35,0.45,0.65,needs_review,low_relationship_confidence|low_classification_confidence,,,
885::b71bcd1de72ad2c4b9568c2ba970d31d129ac2f5c656ab651e980ffec837227b::author,885,Randy W. Schekman,Q136798793,author,unknown,0.35,0.45,0.65,needs_review,low_relationship_confidence|low_classification_confidence,,,
885::eb52d621b78a9d6784cf31dfed75643ca6e5e0a5b06792e401859132aea8c8f6::author,885,Randy W. Schekman,Q136798794,author,unknown,0.35,0.45,0.65,needs_review,low_relationship_confidence|low_classification_confidence,,,
885::6e4558f6f1e351d384a4e338516c597aa22be2e626d7684e030aed5a2f1ca37c::author,885,Randy W. Schekman,Q136798795,author,unknown,0.35,0.45,0.65,needs_review,low_relationship_confidence|low_classification_confidence,,,
885::4d66a8d7179a6fe48c32bdeb473b1626201d63b0a60466a429c37bdeb93ca018::author,885,Randy W. Schekman,Q136798802,author,unknown,0.35,0.45,0.65,needs_review,low_relationship_confidence|low_classification_confidence,,,
885::2ec25545bf6f4355faf4fc147ab2b8af37f15e6a6ba897392e064b316b7ef7b4::author,885,Randy W. Schekman,Q136798805,author,unknown,0.35,0.45,0.65,needs_review,low_relationship_confidence|low_classification_confidence,,,
946::14636f8049d2b544233a52219e73efc16f9b850a640288ed0002b150c33fb6b5::author,946,Richard Henderson,Q136979481,author,unknown,0.35,0.45,0.65,needs_review,low_relationship_confidence|low_classification_confidence,,,
946::08280e8096262e68c7fe76450f0a9d34722d2d6bf4407fabfdccaa4eb818769a::author,946,Richard Henderson,Q136979483,author,unknown,0.35,0.45,0.65,needs_review,low_relationship_confidence|low_classification_confidence,,,
448::154c76bb6280ccecabc1adf5c60e7705e92b25797ec31158cef0a5ea80c7ec55::author,448,Richard J. Roberts,Bethesda Statement on Open Access Publishing,author,unknown,0.35,0.45,0.65,needs_review,low_relationship_confidence|low_classification_confidence,,,
448::855da31a55c0234beca86f10b938b4b9e066148caf7552e3db52eaebde5c6ac3::author,448,Richard J. Roberts,Q136865363,author,unknown,0.35,0.45,0.65,needs_review,low_relationship_confidence|low_classification_confidence,,,
448::a30bec46abcc2b150fc51db359fd31dedb1dcb961737f1e413fc6e25957a6256::author,448,Richard J. Roberts,Q136865369,author,unknown,0.35,0.45,0.65,needs_review,low_relationship_confidence|low_classification_confidence,,,
448::fda9f071e3800931f5360d890ea1ff3ec7dbb657d336e1a57bcb547bcb0ed9af::author,448,Richard J. Roberts,Q136865386,author,unknown,0.35,0.45,0.65,needs_review,low_relationship_confidence|low_classification_confidence,,,
86::4d9b14b015c2fe9642ca9f1a432bd787462150f856016d7af3787f8eb5e55783::author,86,Richard P. Feynman,"""Nobody understands quantum mechanics""",author,unknown,0.57,0.7,0.65,needs_review,low_relationship_confidence|low_classification_confidence,,,
86::ecc99282b1a8e5a3804cc94367c6639472ebb646d035434b65466d313a37c5bf::author,86,Richard P. Feynman,Cargo Cult Science,author,unknown,0.35,0.45,0.65,needs_review,low_relationship_confidence|low_classification_confidence,,,
86::fa2028a26e957a2a55318fb16a8e6a455b147fc4dd9ab0188f219b2aa642cb12::author,86,Richard P. Feynman,Feynman Lectures on Computation,author,unknown,0.72,0.7,0.65,needs_review,low_relationship_confidence|low_classification_confidence,,,
86::24e78dfb308f56f4cc45eacb35b52ae342caa5d6cb0d505f7633436e85f23b85::author,86,Richard P. Feynman,Feynman's Lost Lecture,author,unknown,0.35,0.45,0.65,needs_review,low_relationship_confidence|low_classification_confidence,,,
86::9aad1cc2029f37adc7ca9fd481b5acf3fb50cbab61b8710bfeffda79feb6bb3d::author,86,Richard P. Feynman,Física Em 12 Lições (Em Portugues do Brasil),author,unknown,0.35,0.45,0.65,needs_review,low_relationship_confidence|low_classification_confidence,,,
86::dd909d1588acc4d37798e81d395141ed619177c0afc3f67203652bbabcb68ecb::author,86,Richard P. Feynman,Los Alamos From Below,author,unknown,0.35,0.45,0.65,needs_review,low_relationship_confidence|low_classification_confidence,,,
86::239a7d0d41f872460bd203133f1b005a0ac57f42c9783d9078ae35938aa862e5::author,86,Richard P. Feynman,Neobyčejná teorie světla a látky: kvantová elektrodynamika,author,unknown,0.35,0.45,0.65,needs_review,low_relationship_confidence|low_classification_confidence,,,
86::b6dc33ddc6c7a3d338cc27f398e81e62281d9949fb2be66199e00c2666a2bbf2::author,86,Richard P. Feynman,O povaze fyzikálních zákonů: sedmkrát o rytmech přírodních jevů,author,unknown,0.35,0.45,0.65,needs_review,low_relationship_confidence|low_classification_confidence,,,
86::ed802eded954af7cefd65c748858571adbe36a756eab9eb360877355f50d9fa4::author,86,Richard P. Feynman,Perfectly Reasonable Deviations from the Beaten Track,author,unknown,0.35,0.45,0.65,needs_review,low_relationship_confidence|low_classification_confidence,,,
86::d12887616721ad2adb9c57b42fef09ed09fc6f9c976a1b84b44803fda66ceb68::author,86,Richard P. Feynman,Q115361494,author,unknown,0.35,0.45,0.65,needs_review,low_relationship_confidence|low_classification_confidence,,,
86::0e130a662346d181fe160927681e4dfb963748f1b6fc0543371c05bba1c6657e::author,86,Richard P. Feynman,Q115361554,author,unknown,0.35,0.45,0.65,needs_review,low_relationship_confidence|low_classification_confidence,,,
86::0e1ea4259060072e6c6d1d50b941d70e2be22fc81289982d0e72ad87ea6b195a::author,86,Richard P. Feynman,Q115361574,author,unknown,0.35,0.45,0.65,needs_review,low_relationship_confidence|low_classification_confidence,,,
86::5734196e5d98de47d49cf8e0b0a04ac6de5790cb03beb5f378311d6ba09129f2::author,86,Richard P. Feynman,Q115361585,author,unknown,0.35,0.45,0.65,needs_review,low_relationship_confidence|low_classification_confidence,,,
86::d47dc246d34da80ac52b1891c384805add8a44e76f888f5f6ac4d6952bdac368::author,86,Richard P. Feynman,Q121950075,author,unknown,0.35,0.45,0.65,needs_review,low_relationship_confidence|low_classification_confidence,,,
86::d8e4890954f2b40c8b669c0005723b30f135fd493d2ea601d1af2154f1f5436e::author,86,Richard P. Feynman,Q126415004,author,unknown,0.35,0.45,0.65,needs_review,low_relationship_confidence|low_classification_confidence,,,
86::b3e0e631fdc5b3d0e6a3ca132c4af39fa64607bc4bc2d8996b29c1f1d2b14645::author,86,Richard P. Feynman,Q136544696,author,unknown,0.35,0.45,0.65,needs_review,low_relationship_confidence|low_classification_confidence,,,
86::3c9a2b2a411a828fdb86fdad01140381abef7e276c09341d6d9f4ad9710139b9::author,86,Richard P. Feynman,QED: The Strange Theory of Light and Matter,author,unknown,0.57,0.7,0.65,needs_review,low_relationship_confidence|low_classification_confidence,,,
86::3727f6b5e3b270f19e36631cf243357ef67e6b0f639a94a8d3ce9aa25aa9b48c::author,86,Richard P. Feynman,Quantum mechanical computers,author,unknown,0.57,0.7,0.65,needs_review,low_relationship_confidence|low_classification_confidence,,,
86::c417f31aa87c57673d3b793275ba7b86d9ee4cabfc2e0a969404ef8f7c648c38::author,86,Richard P. Feynman,Richard Feynman: Physics is fun to imagine,author,unknown,0.35,0.45,0.65,needs_review,low_relationship_confidence|low_classification_confidence,,,
86::8ce9228f4c692b74e75e5615e433de16e6a78543e37f97ca054766ef9c450166::author,86,Richard P. Feynman,Sei pezzi facili,author,unknown,0.35,0.45,0.65,needs_review,low_relationship_confidence|low_classification_confidence,,,
86::c44665a3a1b8def1a5f5b8ba19f68a760cc6b717db582b63a72cbe988524b5df::author,86,Richard P. Feynman,Sei pezzi meno facili,author,unknown,0.35,0.45,0.65,needs_review,low_relationship_confidence|low_classification_confidence,,,
86::e2c05f5c1fc12e4fe3d836caa318ba10b9f31c483d9041fd3cb2ffbeacae1a3b::author,86,Richard P. Feynman,Simulating Physics with Computers,author,unknown,0.35,0.45,0.65,needs_review,low_relationship_confidence|low_classification_confidence,,,
86::b70d7970006da0f402537c883575c8e4a15ab51186e74d6dbb0a999872cebaa0::author,86,Richard P. Feynman,The Character of Physical Law,author,unknown,0.35,0.45,0.65,needs_review,low_relationship_confidence|low_classification_confidence,,,
86::89f0901692dd7076ea0bd5f37747c7e3cd7bd2f5975e711b6774fb7d4fe910eb::author,86,Richard P. Feynman,The Feynman Lectures on Physics,author,unknown,0.84,0.85,0.65,needs_review,low_relationship_confidence,,,
86::e1220a33bb4b9bb83093f86fe419f41388cda12ba530950eb6dbde53c381ae3d::author,86,Richard P. Feynman,The Meaning of It All,author,unknown,0.35,0.45,0.65,needs_review,low_relationship_confidence|low_classification_confidence,,,
86::73795406672f862040c94ab80911ca7a685ddc5b994693b244803add2ff6b6bb::author,86,Richard P. Feynman,The Pleasure of Finding Things Out,author,unknown,0.35,0.45,0.65,needs_review,low_relationship_confidence|low_classification_confidence,,,
86::76de7433ae3c9589c8a40cf0fb1f93911aa83c77f785799c908c7eb22586e202::author,86,Richard P. Feynman,There's Plenty of Room at the Bottom,author,unknown,0.35,0.45,0.65,needs_review,low_relationship_confidence|low_classification_confidence,,,
86::dc2f61d3a8799125e137ba8fe268fe69ce21e1319a012ff50681dc64ea34b711::author,86,Richard P. Feynman,"“Surely You're Joking, Mr. Feynman!”",author,unknown,0.1,0.7,0.65,needs_review,low_relationship_confidence|low_classification_confidence,,,
796::1cb60b5df561d00b2227ee577727cb078ebe3b44a28bfb9fed6a9f34d9e91ae1::author,796,Richard R. Schrock,Q136790674,author,unknown,0.35,0.45,0.65,needs_review,low_relationship_confidence|low_classification_confidence,,,
176::0e263108b3cc57d13ff5754db2cf95668c1a8de68b31c033941d6a7014f855d0::author,176,Richard Willstätter,Q51406476,author,unknown,0.35,0.45,0.65,needs_review,low_relationship_confidence|low_classification_confidence,,,
176::36bedc96a2a4290b4108aeb3c5b6dc3f64d6c42ceaf319f39a8fd59012cb2a97::author,176,Richard Willstätter,Untersuchungen über chlorophyll; methoden und ergebnisse,author,unknown,0.35,0.45,0.65,needs_review,low_relationship_confidence|low_classification_confidence,,,
435::9c922b60cc5c54a318a812e69fe5e3a7ca60e0189a82e28a9b23d7b5c87b4cd4::author,435,Rita Levi-Montalcini,Q3655732,author,unknown,0.35,0.45,0.65,needs_review,low_relationship_confidence|low_classification_confidence,,,
435::9bd58f5ced6491339ba41655b730cf98df911157cb5efb3cda88042ac685c33c::author,435,Rita Levi-Montalcini,Q3723607,author,unknown,0.35,0.45,0.65,needs_review,low_relationship_confidence|low_classification_confidence,,,
435::3a83cc13dc65343c5c99f758ac8c90235cbc242c9bbcd519f444103cd5c03ac2::author,435,Rita Levi-Montalcini,Q3796135,author,unknown,0.35,0.45,0.65,needs_review,low_relationship_confidence|low_classification_confidence,,,
435::4bee70da8d9783f89774ecb41abf7b495923b6da21a60d586120eed915ed0347::author,435,Rita Levi-Montalcini,Q3818828,author,unknown,0.35,0.45,0.65,needs_review,low_relationship_confidence|low_classification_confidence,,,
435::16dedd137686d47e6b5cb1136b156986881f4500cbc8ec8058d58dab061f75c8::author,435,Rita Levi-Montalcini,Q3822505,author,unknown,0.35,0.45,0.65,needs_review,low_relationship_confidence|low_classification_confidence,,,
435::80e7ebbd9880c7ab559d12e85f7a4b52569758876fb6a226c05708166d551f56::author,435,Rita Levi-Montalcini,Q3937235,author,unknown,0.35,0.45,0.65,needs_review,low_relationship_confidence|low_classification_confidence,,,
435::be30c95abc25a7b5c8185ead87f8133bf3a093ee8b262713c6f319ccd503d5ca::author,435,Rita Levi-Montalcini,Q3955481,author,unknown,0.35,0.45,0.65,needs_review,low_relationship_confidence|low_classification_confidence,,,
435::725f6f2e1b0d435b951b466c85b98d86cef412806c065e461621fcc3cafbaf96::author,435,Rita Levi-Montalcini,Q3983321,author,unknown,0.35,0.45,0.65,needs_review,low_relationship_confidence|low_classification_confidence,,,
435::6e99c5188a7568c4ddc93f7251f502f842ceb69ff366175c14254995606646e8::author,435,Rita Levi-Montalcini,Q4004102,author,unknown,0.35,0.45,0.65,needs_review,low_relationship_confidence|low_classification_confidence,,,
258::b4f8a1dbdb8ef2e8367e3ec1a1062e5d9addc56f9ae6aa7a48c6b30628bf5482::author,258,Roald Hoffmann,Solids and Surfaces: A Chemist's View of Bonding in Extended Structures,author,unknown,0.35,0.45,0.65,needs_review,low_relationship_confidence|low_classification_confidence,,,
28::9cd7de633ca1da8e900c4d5350bdb2fdf8f6f911ac2bf838d4a9674a9673794c::author,28,Robert A. Millikan,The autobiography of Robert A. Millikan,author,unknown,0.1,0.7,0.65,needs_review,low_relationship_confidence|low_classification_confidence,,,
28::7cb20ba19e91b8fa1a45c03c7af03b6413d88dc88f15a2a53c2553fd68259aab::author,28,Robert A. Millikan,"The electron, its isolation and measurement and the determination of some of its properties",author,unknown,0.35,0.45,0.65,needs_review,low_relationship_confidence|low_classification_confidence,,,
155::7e14343c73cd21e1cd7e4dc4e1026e05a5eeea99cf03b6157ed348b29f7f224f::author,155,Robert B. Laughlin,A Different Universe,author,unknown,0.35,0.45,0.65,needs_review,low_relationship_confidence|low_classification_confidence,,,
878::3712e576b427da1354d17e8bc0f7bd58ca2f3acc710f8f5ff667a18bb146dc56::author,878,Robert J. Lefkowitz,Q136979797,author,unknown,0.35,0.45,0.65,needs_review,low_relationship_confidence|low_classification_confidence,,,
878::bb61e9b8259c6b0e087e8ef8f775d3b63bc6abe86deda36cd8343c0046fe9dd0::author,878,Robert J. Lefkowitz,Q136979802,author,unknown,0.35,0.45,0.65,needs_review,low_relationship_confidence|low_classification_confidence,,,
297::c6afbd70e169babe4e8eb87c07c2d299b9d817330e0cfe4eb4f60e71304af01b::author,297,Robert Koch,Gesammelte Werke,author,unknown,0.35,0.45,0.65,needs_review,low_relationship_confidence|low_classification_confidence,,,
297::528a0933a5290f434192221d3615774f9405469a35804ffae1f089c914787e94::author,297,Robert Koch,Gesammelte Werke von Robert Koch. Unter Mitwirkung von G. Gaffky und E. Pfuhl,author,unknown,0.35,0.45,0.65,needs_review,low_relationship_confidence|low_classification_confidence,,,
297::d6e8a455baad5c3917866f36883ca92a7776f1322f48f0c9439390fcffe7559c::author,297,Robert Koch,Investigations into the etiology of traumatic infective diseases,author,unknown,0.35,0.45,0.65,needs_review,low_relationship_confidence|low_classification_confidence,,,
297::0c7d9eaed0c9ccd64da8b41f05ce014eb1da7ca396faad255f8feac66f9e3f08::author,297,Robert Koch,Q134585569,author,unknown,0.35,0.45,0.65,needs_review,low_relationship_confidence|low_classification_confidence,,,
297::4e7a53b42697c9b1e822a7da5d376a89f942fb7a0f62193a51511eafac5f66e9::author,297,Robert Koch,Q51375985,author,unknown,0.35,0.45,0.65,needs_review,low_relationship_confidence|low_classification_confidence,,,
770::ebf6717026260841e7816e1f8fe28c7d92520e65281a210903aa233cf3652556::author,770,Roderick MacKinnon,Q136793317,author,unknown,0.35,0.45,0.65,needs_review,low_relationship_confidence|low_classification_confidence,,,
770::47fba0ae7cddecf3958905012ed600c10113fb6056682dfea3d98636e75297c8::author,770,Roderick MacKinnon,Q136793319,author,unknown,0.35,0.45,0.65,needs_review,low_relationship_confidence|low_classification_confidence,,,
770::04e6f4e9fc450c2d40fef2b6fc952294a6b50a62acddf9276f77c8607266036c::author,770,Roderick MacKinnon,Q136793320,author,unknown,0.35,0.45,0.65,needs_review,low_relationship_confidence|low_classification_confidence,,,
770::0ca693ed4d6f63a38324a1015ab50fdc4b6b1154f010eaa71787ec8786ad6874::author,770,Roderick MacKinnon,Q136793323,author,unknown,0.35,0.45,0.65,needs_review,low_relationship_confidence|low_classification_confidence,,,
770::e6128eda80f8a4e6b803cf8e380328a5dd5d3a8d788389b81ef6e87b3c9beda2::author,770,Roderick MacKinnon,Q136793325,author,unknown,0.35,0.45,0.65,needs_review,low_relationship_confidence|low_classification_confidence,,,
806::2e79b1c4ec88992b19e26bf8aa50588e8248dcd63a96b4c3af9df5ec95c985b6::editor,806,Roger D. Kornberg,Annual Review of Biochemistry,editor,unknown,0.57,0.7,0.65,needs_review,low_relationship_confidence|low_classification_confidence,,,
806::2ec0a5bc16f547e624ad97fb255f6e6dd2a70216c427a01e6872bd0bbee962ed::author,806,Roger D. Kornberg,Q136839243,author,unknown,0.35,0.45,0.65,needs_review,low_relationship_confidence|low_classification_confidence,,,
988::36c39c7202a77b7245b1721c8ca523e109871c1d98cc1a95f0705102c4e0abf6::author,988,Roger Penrose,Cycles of Time,author,unknown,0.35,0.45,0.65,needs_review,low_relationship_confidence|low_classification_confidence,,,
988::797a8a0d6d89f5f23c31cb24f9dbb387b355f4eeb19ce8116b2ec9758127bf5a::author,988,Roger Penrose,"Fashion, Faith, and Fantasy in the New Physics of the Universe",author,unknown,0.35,0.45,0.65,needs_review,low_relationship_confidence|low_classification_confidence,,,
988::f4034de0e8ba78823e3bcd059c0f7a015d9bdac2c01a8371d97d86329eb7209f::author,988,Roger Penrose,Q122037504,author,unknown,0.35,0.45,0.65,needs_review,low_relationship_confidence|low_classification_confidence,,,
988::846567c4e2312c946cc7a436205cfeae198de3feba4a88b9513beeca9d8c9ca3::author,988,Roger Penrose,Q134181632,author,unknown,0.35,0.45,0.65,needs_review,low_relationship_confidence|low_classification_confidence,,,
988::0bbe88ed30d97d472ddaf48fd7914d44b039d5ea6e1c29dba5e274824a71a1dd::author,988,Roger Penrose,Q137650825,author,unknown,0.35,0.45,0.65,needs_review,low_relationship_confidence|low_classification_confidence,,,
988::80bc950581f490281c30e27653f151831d02cd9909753e615045050ba9f03c9f::author,988,Roger Penrose,Shadows of the Mind,author,unknown,0.35,0.45,0.65,needs_review,low_relationship_confidence|low_classification_confidence,,,
988::7198f498eb23b93720272eca309a2e5bb86e097fde252d04d9dad992dd361251::author,988,Roger Penrose,The Emperor's New Mind,author,unknown,0.35,0.45,0.65,needs_review,low_relationship_confidence|low_classification_confidence,,,
988::2e0aa83f207ac87c8a64a008c157961186cc4cc4711095facf291bbf2f1ce685::author,988,Roger Penrose,"The Large, the Small and the Human Mind",author,unknown,0.35,0.45,0.65,needs_review,low_relationship_confidence|low_classification_confidence,,,
988::c66916a2f93611a0d97fcf6baf817854deb8d18bee438e2465dd7be821feaaaa::author,988,Roger Penrose,The Nature of Space and Time,author,unknown,0.35,0.45,0.65,needs_review,low_relationship_confidence|low_classification_confidence,,,
294::b310aa1dbb95c2a0cc490583faceb310027849f4c794d60daaf7b8baf6db1f7f::author,294,Ronald Ross,First progress report of the campaign against mosquitoes in Sierra Leone,author,unknown,0.35,0.45,0.65,needs_review,low_relationship_confidence|low_classification_confidence,,,
294::d1eea33498f797f6bf7d6a22085f866c7774169db127aada5d946de3874e2be7::author,294,Ronald Ross,The Child of Ocean: A Romance,author,unknown,0.35,0.45,0.65,needs_review,low_relationship_confidence|low_classification_confidence,,,
294::25e13539119b363a23fba3105fcd00ec22fda6fabc33cb2b416ece3f6d86a2b3::author,294,Ronald Ross,The Thompson Yates Laboratories Report,author,unknown,0.35,0.45,0.65,needs_review,low_relationship_confidence|low_classification_confidence,,,
294::4e40bddb3c62ef63f24ec2b4084852b120680853b2f88861dbe7da7085c072db::author,294,Ronald Ross,The Thompson Yates Laboratories Report,author,unknown,0.35,0.45,0.65,needs_review,low_relationship_confidence|low_classification_confidence,,,
294::48781a1ee82c6d86add588f8097360bf03566299c320a4e398bbe887c8515f92::author,294,Ronald Ross,The Thompson Yates Laboratories Report,author,unknown,0.35,0.45,0.65,needs_review,low_relationship_confidence|low_classification_confidence,,,
294::7944bdca0859345c1ff7c56fda14e5698ba88831d76684f091cb46c693c03ea8::author,294,Ronald Ross,The Thompson Yates Laboratories Report,author,unknown,0.35,0.45,0.65,needs_review,low_relationship_confidence|low_classification_confidence,,,
393::74fadba1fa39dce8c7bea07ddd7bf1dd9bff1778119c824ad22d1c50f9b50005::author,393,Salvador E. Luria,General virology,author,unknown,0.35,0.45,0.65,needs_review,low_relationship_confidence|low_classification_confidence,,,
299::2517ffb88c01d6078a674d9f58c58a81c3e515fcadde801631ccef9928c77d96::author,299,Santiago Ramón y Cajal,Advice for a Young Investigator,author,unknown,0.35,0.45,0.65,needs_review,low_relationship_confidence|low_classification_confidence,,,
299::a876069421d347c2acf2be4561a39cd66393808ac60392e090e43d91e8ff7aec::author,299,Santiago Ramón y Cajal,Cajal's Degeneration and Regeneration of the Nervous System,author,unknown,0.35,0.45,0.65,needs_review,low_relationship_confidence|low_classification_confidence,,,
299::830bdc29c09300fcd45e0c696eb2c346e58ff709d734c4ec030cbec2fa8df379::author,299,Santiago Ramón y Cajal,Histologie du système nerveux de l'homme & des vertébrés.,author,unknown,0.35,0.45,0.65,needs_review,low_relationship_confidence|low_classification_confidence,,,
299::feb5bd88604f7b29c14ed28380e823db1f4ec01f36d8a9cbdf3afb9b79c91a9d::author,299,Santiago Ramón y Cajal,Q124393582,author,unknown,0.35,0.45,0.65,needs_review,low_relationship_confidence|low_classification_confidence,,,
299::da48dac4ca91f18ba079c0cf61e63a4ca7f2f72cdc4a1efb4edf0c486c13e44b::author,299,Santiago Ramón y Cajal,Q124770136,author,unknown,0.35,0.45,0.65,needs_review,low_relationship_confidence|low_classification_confidence,,,
299::a08889a8df367ccff445a6ec817a708399ff442354ffd96ac03aa2c9d49cabef::author,299,Santiago Ramón y Cajal,Q124807134,author,unknown,0.35,0.45,0.65,needs_review,low_relationship_confidence|low_classification_confidence,,,
299::3effb2455be79d6267048192969d53a729fa5d871ba07f415f5ecc37f1e95179::author,299,Santiago Ramón y Cajal,Q125024232,author,unknown,0.35,0.45,0.65,needs_review,low_relationship_confidence|low_classification_confidence,,,
299::8cc1bfec669fb55b3599fd542e63ed5ccccb28bf691c8432a377de4e33a5f7e4::author,299,Santiago Ramón y Cajal,Q125024361,author,unknown,0.35,0.45,0.65,needs_review,low_relationship_confidence|low_classification_confidence,,,
299::3d473d94433df92e203cf1a7b642baf42b35d23415411945c054184fdd5a6603::author,299,Santiago Ramón y Cajal,Q125024575,author,unknown,0.35,0.45,0.65,needs_review,low_relationship_confidence|low_classification_confidence,,,
299::89947263a57a5bfdb1379268ea2f19853002c8932321f2d341064bf3451fe89a::author,299,Santiago Ramón y Cajal,Q125024615,author,unknown,0.35,0.45,0.65,needs_review,low_relationship_confidence|low_classification_confidence,,,
299::bd23ac592c27410d3c275c5f7591b73245b5e332faf3b9e1babe20b5285de48e::author,299,Santiago Ramón y Cajal,Q125024832,author,unknown,0.35,0.45,0.65,needs_review,low_relationship_confidence|low_classification_confidence,,,
299::8c36e0a77187199aa4a7e5fb695118f900712b0f5f3bbc1b408d0b9cb6fe4498::author,299,Santiago Ramón y Cajal,Q125024836,author,unknown,0.35,0.45,0.65,needs_review,low_relationship_confidence|low_classification_confidence,,,
299::490fbcf4a51d5fe75f0d4a60abb8e20ddbb196e589235ecd794053f1ee191207::author,299,Santiago Ramón y Cajal,Q125024908,author,unknown,0.35,0.45,0.65,needs_review,low_relationship_confidence|low_classification_confidence,,,
299::6d3dec8faf7ce0e5ad6ae29bce023be72d52b50491a6f5d61340fa9a370f025d::author,299,Santiago Ramón y Cajal,Q125024912,author,unknown,0.35,0.45,0.65,needs_review,low_relationship_confidence|low_classification_confidence,,,
299::0725836d0aae868f91f981cc21997d6bc9474a77fd7832a84c01bf52b59475e8::author,299,Santiago Ramón y Cajal,Q125025035,author,unknown,0.35,0.45,0.65,needs_review,low_relationship_confidence|low_classification_confidence,,,
299::edd759d3b8a5091659c5ca4f9d63ba6dbdaec70bbe0a4e20c11ffc9ad878c065::author,299,Santiago Ramón y Cajal,Q125025112,author,unknown,0.35,0.45,0.65,needs_review,low_relationship_confidence|low_classification_confidence,,,
299::7935224f2fb78f5f2f9d89ab599e824b28b97ac683127d7779fa3dee7d19da7c::author,299,Santiago Ramón y Cajal,Q134585865,author,unknown,0.35,0.45,0.65,needs_review,low_relationship_confidence|low_classification_confidence,,,
299::121d91005891cb65e73980e8551d78606f032243fc0f95101a526870bca74d57::author,299,Santiago Ramón y Cajal,Q134585883,author,unknown,0.35,0.45,0.65,needs_review,low_relationship_confidence|low_classification_confidence,,,
299::c453c8689a99413b1193124455ccc6818f77a23b77781da663d9453224855b12::author,299,Santiago Ramón y Cajal,Q51446234,author,unknown,0.35,0.45,0.65,needs_review,low_relationship_confidence|low_classification_confidence,,,
299::8274b9146325f5920aa6f27951a138f338498cd2302e53483e212603e985f844::author,299,Santiago Ramón y Cajal,Q51459266,author,unknown,0.35,0.45,0.65,needs_review,low_relationship_confidence|low_classification_confidence,,,
299::f4ca5e4064c381d92b98eeaff4571f5e5d00f91688c5896d0d3b6f62aebe5cf0::author,299,Santiago Ramón y Cajal,Q51499204,author,unknown,0.35,0.45,0.65,needs_review,low_relationship_confidence|low_classification_confidence,,,
299::4e0766c2ddbd08aa06ffef6dd7c2d07391f0efe6992ba7ffdf3d9c2f5ad663c8::author,299,Santiago Ramón y Cajal,Q51512213,author,unknown,0.35,0.45,0.65,needs_review,low_relationship_confidence|low_classification_confidence,,,
299::c8aa2020ef93d4d06b2b06ebb406a3c85fe192e0e1e502f90fd406340dfecf18::author,299,Santiago Ramón y Cajal,Q81974989,author,unknown,0.35,0.45,0.65,needs_review,low_relationship_confidence|low_classification_confidence,,,
299::82aab4a05e3d85cebdac55de37c5f791a1e63d07c91cad4e24c330104bde7c07::author,299,Santiago Ramón y Cajal,quotes about Spain by Santiago Ramón y Cajal,author,unknown,0.35,0.45,0.65,needs_review,low_relationship_confidence|low_classification_confidence,,,
864::7c5b99851897e8688be1647366f04d4e9039de23d805b4d4a625348d57837966::author,864,Saul Perlmutter,Q136881524,author,unknown,0.35,0.45,0.65,needs_review,low_relationship_confidence|low_classification_confidence,,,
864::40ec0e21fd3ae682a2dd49798db9aacfc7d176ca1d161d0b66bca89205c2e845::author,864,Saul Perlmutter,Q136881526,author,unknown,0.35,0.45,0.65,needs_review,low_relationship_confidence|low_classification_confidence,,,
864::98cfa022ee8950e9d3e338f311ae2f11db143fbb40bea6cec6b07160a31a817d::author,864,Saul Perlmutter,Q136881527,author,unknown,0.35,0.45,0.65,needs_review,low_relationship_confidence|low_classification_confidence,,,
864::e3f926b9f7de1dbbf30a214352875f0c6c0c936a61e5e1958cd4fb540807527e::author,864,Saul Perlmutter,Q136881529,author,unknown,0.35,0.45,0.65,needs_review,low_relationship_confidence|low_classification_confidence,,,
864::9aee3be48f48c99bd1e24d362cd6afc652da8852498ba9ae6cc4c4681d134f84::author,864,Saul Perlmutter,Q136881530,author,unknown,0.35,0.45,0.65,needs_review,low_relationship_confidence|low_classification_confidence,,,
864::50d27ed406ef00255e94ee868bde68063d5f6bbeb4deab6ec2e4200754c1e45f::author,864,Saul Perlmutter,Q136881531,author,unknown,0.35,0.45,0.65,needs_review,low_relationship_confidence|low_classification_confidence,,,
864::07534f1fa5ad7ddb9fb75674707dbd59051e57fe171c2ff28994915852571af1::author,864,Saul Perlmutter,Q136881537,author,unknown,0.35,0.45,0.65,needs_review,low_relationship_confidence|low_classification_confidence,,,
864::46b9b220a879600277a66ab6b1980a9b23a77e55cbb31c666889b14f511b499f::author,864,Saul Perlmutter,Q136881538,author,unknown,0.35,0.45,0.65,needs_review,low_relationship_confidence|low_classification_confidence,,,
864::7d7633cd84cfee5a28e494e147a17ea7116dd981efdc20b1732e1b11c45a1af4::author,864,Saul Perlmutter,Q136881539,author,unknown,0.35,0.45,0.65,needs_review,low_relationship_confidence|low_classification_confidence,,,
864::87cd3a32c3111c8139568fac405a460e7f9fcf19c2109314aa5b454bb4b20717::author,864,Saul Perlmutter,Q136952352,author,unknown,0.35,0.45,0.65,needs_review,low_relationship_confidence|low_classification_confidence,,,
864::e17eebcb5199520a29c6257201d95a1e334bceaba2fd60fb180e626d381f3ca2::author,864,Saul Perlmutter,Q136952356,author,unknown,0.35,0.45,0.65,needs_review,low_relationship_confidence|low_classification_confidence,,,
864::9df30f9736301e63e06fc73fcf318525f3a2ec117c1a468610fb1ddc25c13f3e::author,864,Saul Perlmutter,Q136952371,author,unknown,0.35,0.45,0.65,needs_review,low_relationship_confidence|low_classification_confidence,,,
864::1522f3eac77df697dab2b3b7fae70c03b235df8949cc92158831e9e8efb7ee6b::author,864,Saul Perlmutter,Q136952372,author,unknown,0.35,0.45,0.65,needs_review,low_relationship_confidence|low_classification_confidence,,,
864::2338263a6ed886c433e70757d8b911a994621c5a4525c7649b80e7a2144c6737::author,864,Saul Perlmutter,Q136952378,author,unknown,0.35,0.45,0.65,needs_review,low_relationship_confidence|low_classification_confidence,,,
353::abd6f6b9a8135296e9058bfd5db10d62a65b44c81af29cc586433a35ff9a6fd3::author,353,Selman A. Waksman,Guide to the classification and identification of the actinomycetes and their antibiotics,author,unknown,0.35,0.45,0.65,needs_review,low_relationship_confidence|low_classification_confidence,,,
353::1a04548a2d88828ac48933e9c38bf0a869249aec23f3c75f788ed5be0139bd8a::author,353,Selman A. Waksman,"Laboratory manual of general microbiology, with special reference to the microorganisms of the soil",author,unknown,0.55,0.7,0.65,needs_review,low_relationship_confidence|low_classification_confidence,,,
353::98b92bc7cbb5730f334d592928ecbfa97076f41a316ff332e9a7ff549615fb38::author,353,Selman A. Waksman,"Perspectives and horizons in microbiology, a symposium",author,unknown,0.35,0.45,0.65,needs_review,low_relationship_confidence|low_classification_confidence,,,
353::07adaed911b122af6dd7a0edb3c69e48bdda4056e1a46646344eb305ce797311::author,353,Selman A. Waksman,Principles of soil microbiology,author,unknown,0.57,0.7,0.65,needs_review,low_relationship_confidence|low_classification_confidence,,,
353::99a4d851c29f597b8de721764a858f2d0866a7eec3cd2db37571c6c57b5daf8a::author,353,Selman A. Waksman,"The actinomycetes: their nature, occurrence, activities, and importance",author,unknown,0.35,0.45,0.65,needs_review,low_relationship_confidence|low_classification_confidence,,,
367::faeedc69f4c38af9912a82864dab004b01eb8d2d976d3a6b5d1ef75a589677bf::author,367,Severo Ochoa,Escritos,author,unknown,0.35,0.45,0.65,needs_review,low_relationship_confidence|low_classification_confidence,,,
113::5270d25e93bf076b055262d6d52eea319626008a2ed31967b9fdce39253617e6::author,113,Sheldon Glashow,From Alchemy to Quarks The Study of Physics as a Liberal Art),author,unknown,0.35,0.45,0.65,needs_review,low_relationship_confidence|low_classification_confidence,,,
394::85ebe4c37ec6467f33d7566f6afaa5c5e9fbcdc7420a8fad5f1e5227a6f3dcf7::author,394,Sir Bernard Katz,"Nerve, muscle, and synapse / Bernard Katz. - 1966",author,unknown,0.35,0.45,0.65,needs_review,low_relationship_confidence|low_classification_confidence,,,
323::30406c0646555827c3ae3cea3f3cc39c168d1cd3aa09afb374dc5e6f35f21c53::author,323,Sir Charles Sherrington,"Boyce, Rubert William (DNB12)",author,unknown,0.35,0.45,0.65,needs_review,low_relationship_confidence|low_classification_confidence,,,
323::3daa54188e5cec700cbdaef6590da02126068fb75b0f8f351f3ed46d00cae671::author,323,Sir Charles Sherrington,Introduction to Creation by Evolution,author,unknown,0.6,0.7,0.65,needs_review,low_relationship_confidence|low_classification_confidence,,,
323::bc38e193102800eac2383a2e47f4a922ddd7cd0e9e6d394be238d2a2626cb34e::author,323,Sir Charles Sherrington,Lectures on the method of science,author,unknown,0.72,0.7,0.65,needs_review,low_relationship_confidence|low_classification_confidence,,,
323::41f53499938019df9ad11b400548b50e7efa5590a67ef6f247fbc136a0384ae2::author,323,Sir Charles Sherrington,"Lucas, Keith",author,unknown,0.35,0.45,0.65,needs_review,low_relationship_confidence|low_classification_confidence,,,
323::92322c29a572903de95cc61f1a407f9a7aecd0f6b6117d437d45962381d6414f::author,323,Sir Charles Sherrington,Mammalian physiology; a course of practical exercises,author,unknown,0.35,0.45,0.65,needs_review,low_relationship_confidence|low_classification_confidence,,,
323::8362e3af2e793fdc2ec57151bc615f965de29a652f46aa131b36f286108105a4::author,323,Sir Charles Sherrington,Man on his Nature,author,unknown,0.35,0.45,0.65,needs_review,low_relationship_confidence|low_classification_confidence,,,
323::67a6a6b65ac4cc32c343929fce4502b89fe5c5e70081e4695b772d773c2dcbca::author,323,Sir Charles Sherrington,On pilo-motor nerves,author,unknown,0.35,0.45,0.65,needs_review,low_relationship_confidence|low_classification_confidence,,,
323::3316d6b0e168298e4c726ad273d3b6e28c89d72381e62e280b26448f78455b02::author,323,Sir Charles Sherrington,On secondary and tertiary degenerations in the spinal cord of the dog a preliminary communication,author,unknown,0.35,0.45,0.65,needs_review,low_relationship_confidence|low_classification_confidence,,,
323::25e13539119b363a23fba3105fcd00ec22fda6fabc33cb2b416ece3f6d86a2b3::editor,323,Sir Charles Sherrington,The Thompson Yates Laboratories Report,editor,unknown,0.35,0.45,0.65,needs_review,low_relationship_confidence|low_classification_confidence,,,
323::4e40bddb3c62ef63f24ec2b4084852b120680853b2f88861dbe7da7085c072db::editor,323,Sir Charles Sherrington,The Thompson Yates Laboratories Report,editor,unknown,0.35,0.45,0.65,needs_review,low_relationship_confidence|low_classification_confidence,,,
323::48781a1ee82c6d86add588f8097360bf03566299c320a4e398bbe887c8515f92::editor,323,Sir Charles Sherrington,The Thompson Yates Laboratories Report,editor,unknown,0.35,0.45,0.65,needs_review,low_relationship_confidence|low_classification_confidence,,,
323::7944bdca0859345c1ff7c56fda14e5698ba88831d76684f091cb46c693c03ea8::editor,323,Sir Charles Sherrington,The Thompson Yates Laboratories Report,editor,unknown,0.35,0.45,0.65,needs_review,low_relationship_confidence|low_classification_confidence,,,
219::515320d1e955ee729b941b54c16acaaafd0b3ba968c92e7ec58f0b7209799191::author,219,Sir Cyril Hinshelwood,"Crookes, William",author,unknown,0.35,0.45,0.65,needs_review,low_relationship_confidence|low_classification_confidence,,,
369::29b380857369296a4f79b9a21ddb958b7d42c0b504f877ba635352a1b3d171d1::author,369,Sir Frank Macfarlane Burnet,Influenza : a survey of the last 50 years in the light of modern work on the virus of epidemic influenza,author,unknown,0.35,0.45,0.65,needs_review,low_relationship_confidence|low_classification_confidence,,,
369::8f0e89dc8e7956542047b78ccb4520a0f08d7cb4b2a00a546498997f7073ffeb::author,369,Sir Frank Macfarlane Burnet,The production of antibodies,author,unknown,0.35,0.45,0.65,needs_review,low_relationship_confidence|low_classification_confidence,,,
369::e45858fc393a9a54a118244e1869eb20a0fe2675b8c987e689077723453202c3::author,369,Sir Frank Macfarlane Burnet,"The viruses; biochemical, biological, and biophysical properties",author,unknown,0.35,0.45,0.65,needs_review,low_relationship_confidence|low_classification_confidence,,,
369::cce7f1fbb4d7aaeb453025c4d27a492513788e01599a3648d7c9ee97cdd366a0::author,369,Sir Frank Macfarlane Burnet,Virus as organism,author,unknown,0.35,0.45,0.65,needs_review,low_relationship_confidence|low_classification_confidence,,,
369::35fdb14629647f430057132bb4b640b1bbcb39bb5a407898b7451a4e7442cd87::author,369,Sir Frank Macfarlane Burnet,Viruses and man,author,unknown,0.35,0.45,0.65,needs_review,low_relationship_confidence|low_classification_confidence,,,
320::5c1460db567ea3be0d4c2db6b34123489bd7700fb790eba245b39a6bcbc1f943::author,320,Sir Frederick Hopkins,Physiology and national needs,author,unknown,0.35,0.45,0.65,needs_review,low_relationship_confidence|low_classification_confidence,,,
341::6cb223d21a360e94c189b00caf98ebf3d0a3c208d63173cee9fbcb79c054bafb::author,341,Sir Howard Florey,Antibiotics,author,unknown,0.35,0.45,0.65,needs_review,low_relationship_confidence|low_classification_confidence,,,
874::0d28dcba83f08197ec323306abfec456177125db73d5aa21b01a066cd9e6e70f::author,874,Sir John B. Gurdon,Gene expression during cell differentiation / J. B. Gurdon. - 1978,author,unknown,0.35,0.45,0.65,needs_review,low_relationship_confidence|low_classification_confidence,,,
375::95e8c321cf851df4a2685a155d1b4ced03d3b0a0aecdc79b775129e9354d62b7::author,375,Sir John Eccles,How the Self Controls Its Brain,author,unknown,0.35,0.45,0.65,needs_review,low_relationship_confidence|low_classification_confidence,,,
375::716d3aff4aba89801ca99c28ffa1396a98325d474c2cd32ee714c1a73bffb7e7::author,375,Sir John Eccles,Q108894632,author,unknown,0.35,0.45,0.65,needs_review,low_relationship_confidence|low_classification_confidence,,,
375::0afe771c63a8e35ec18e3cf8cd41907a91f23789d5d5b37d77ad49405de4c306::author,375,Sir John Eccles,Q108935291,author,unknown,0.35,0.45,0.65,needs_review,low_relationship_confidence|low_classification_confidence,,,
108::c184a8df32ff66200bfb6926a1c50599580da981a2f2d855e2b195ee24d514b0::author,108,Sir Nevill F. Mott,Atomic structure and the strength of metals / N. F. Mott. - 1956,author,unknown,0.35,0.45,0.65,needs_review,low_relationship_confidence|low_classification_confidence,,,
737::60f80aeea6666c2feebc6d01db3fcda8fb9aed2d4560eaed3bdf750ce9409fec::author,737,Sir Paul Nurse,Q122101333,author,unknown,0.35,0.45,0.65,needs_review,low_relationship_confidence|low_classification_confidence,,,
207::31b11bb1bc592686ca95dbacc18dbfdfafc39dd6c77d1c3bb0a9daf9969d0b3a::author,207,Sir Robert Robinson,The life and work of Professor William Henry Perkin,author,unknown,0.35,0.45,0.65,needs_review,low_relationship_confidence|low_classification_confidence,,,
163::bd504dd0ac72ddbf404ce4a77cc858a6018eec92dfda2b851eb8907c6821ec7b::author,163,Sir William Ramsay,Essays biographical and chemical,author,unknown,0.2,0.7,0.65,needs_review,low_relationship_confidence|low_classification_confidence,,,
163::049855b4c9017f6d636e523851a3c2d7113043cf5a470573525e4ea11cb74749::author,163,Sir William Ramsay,Q131621812,author,unknown,0.35,0.45,0.65,needs_review,low_relationship_confidence|low_classification_confidence,,,
457::4b1dbb0378c436e30b5f3deae72f027cb88c8fde3fb2fb91aff5482118661174::author,457,Stanley B. Prusiner,Q136984591,author,unknown,0.35,0.45,0.65,needs_review,low_relationship_confidence|low_classification_confidence,,,
457::5d428fc432d95571daefdb20bf5466e8bf92b0e18a88adc9a4acfab13f043416::author,457,Stanley B. Prusiner,Q136984593,author,unknown,0.35,0.45,0.65,needs_review,low_relationship_confidence|low_classification_confidence,,,
457::d0e48604c37d188b6ef34784e386aa6e0810575224b4ec9668463d9a785f280a::author,457,Stanley B. Prusiner,Q136984635,author,unknown,0.35,0.45,0.65,needs_review,low_relationship_confidence|low_classification_confidence,,,
457::36e2f5157970c86b27f5041341a22ffce8d369fc687e1172c04aeb5e1ecdf18e::author,457,Stanley B. Prusiner,Q136984654,author,unknown,0.35,0.45,0.65,needs_review,low_relationship_confidence|low_classification_confidence,,,
152::53ad2f42974f527b05b8c8d5c8ac65bf54bf9728b955adc47b66967b1ab4ce8b::author,152,Steven Chu,Q137043281,author,unknown,0.35,0.45,0.65,needs_review,low_relationship_confidence|low_classification_confidence,,,
152::b8cd97c58dcfcc1f352bca28f4a94328855f73320d68623262d9a9a057fe8fb4::author,152,Steven Chu,Q137166892,author,unknown,0.35,0.45,0.65,needs_review,low_relationship_confidence|low_classification_confidence,,,
115::b5a9e7037df1f11121a1201768819d69db6737cba2d09a19cc9aaa8b1277a031::author,115,Steven Weinberg,Lectures on Quantum Mechanics,author,unknown,0.84,0.7,0.65,needs_review,low_relationship_confidence|low_classification_confidence,,,
115::53f2c43c83366583075dad5c64ec57707f919bec684fa5255fc9a5f82caa4afd::author,115,Steven Weinberg,Q108815406,author,unknown,0.35,0.45,0.65,needs_review,low_relationship_confidence|low_classification_confidence,,,
115::52237e29b936850be27d005d1af8d84fd154efb261e4776e4a0803af2f240fb9::author,115,Steven Weinberg,Q121979628,author,unknown,0.35,0.45,0.65,needs_review,low_relationship_confidence|low_classification_confidence,,,
115::8a4408e1bd509181ebb5e12a10c013176a678fcac440cbf894477df46c8168b3::author,115,Steven Weinberg,Third Thoughts,author,unknown,0.35,0.45,0.65,needs_review,low_relationship_confidence|low_classification_confidence,,,
122::457f60c2d40a5c3ebe4d3a8b2c1ed9b383e703faf10e91a0dd72842d061fe1b0::author,122,Subrahmanyan Chandrasekhar,On the Decay of Plane Shock Waves,author,unknown,0.35,0.45,0.65,needs_review,low_relationship_confidence|low_classification_confidence,,,
436::2a76e058ed5fbf84bce57ecc77f4974f11a336c79ec812446fdb58d81faaf3e0::author,436,Susumu Tonegawa,Q137013672,author,unknown,0.35,0.45,0.65,needs_review,low_relationship_confidence|low_classification_confidence,,,
162::45753798c05ddc1ae9ee2ba503049ab911fe3f876caa481ad712ec39c69c1d00::author,162,Svante Arrhenius,Immunochemistry; the application of the principles of physical chemistry to the study of the biological antibodies,author,unknown,0.57,0.7,0.65,needs_review,low_relationship_confidence|low_classification_confidence,,,
162::42ccae61d7173cc857270448787d91d0401b4627c7b36fe2b37db1cdd8024b2d::author,162,Svante Arrhenius,Le Destin des étoiles,author,unknown,0.35,0.45,0.65,needs_review,low_relationship_confidence|low_classification_confidence,,,
162::f87becacefe0e0cb3a6c015adfa392d7df72c86b6a67e0a75745b001515d5c95::author,162,Svante Arrhenius,Människan inför världsgåtan,author,unknown,0.35,0.45,0.65,needs_review,low_relationship_confidence|low_classification_confidence,,,
162::bd996147d8a218ca6fc79eb53a7c6931c78bff43ffa9bc6a89fb86eac95f79bc::author,162,Svante Arrhenius,Q131739665,author,unknown,0.35,0.45,0.65,needs_review,low_relationship_confidence|low_classification_confidence,,,
162::b30e2ac8d1824620015a3d5ea5ae7089851e04f981eeabbf6dd5b91aa65c7d6d::author,162,Svante Arrhenius,Q19150265,author,unknown,0.35,0.45,0.65,needs_review,low_relationship_confidence|low_classification_confidence,,,
162::6145f2d7e3ccfc7030d145b96c16130790755ef9cc6ab0efcfe024d993a7c57e::author,162,Svante Arrhenius,Quantitative laws in biological chemistry,author,unknown,0.35,0.45,0.65,needs_review,low_relationship_confidence|low_classification_confidence,,,
162::24f0fb3a19386f93f7a64f8bddd96a39b92d76560a200252a9f0063ae97d954f::author,162,Svante Arrhenius,Stjärnornas öden,author,unknown,0.35,0.45,0.65,needs_review,low_relationship_confidence|low_classification_confidence,,,
162::909fce986c36298b2765a0f4c27e94844427f52ce72cdf1330d2fb6ed5f52761::author,162,Svante Arrhenius,Världarnas utveckling,author,unknown,0.35,0.45,0.65,needs_review,low_relationship_confidence|low_classification_confidence,,,
1011::0b06d4a5b8aae04668b42f911cafc3d29c424333e5a02b27d996124cde2391e8::author,1011,Svante Pääbo,How the E19 protein of adenoviruses modulates the immune system,author,unknown,0.35,0.45,0.65,needs_review,low_relationship_confidence|low_classification_confidence,,,
1011::af0e1cd4a886a584f8aac677791f73210942a4b921d77ada5ece1889ec2b69bf::author,1011,Svante Pääbo,Neanderthal Man: In Search of Lost Genomes,author,unknown,0.35,0.45,0.65,needs_review,low_relationship_confidence|low_classification_confidence,,,
1011::fabd1ec6e3edf2cae427632eb2e079e68e625acd4b7b924eace26f57c4369d58::author,1011,Svante Pääbo,Svante Pääbo: DNA clues to our inner neanderthal,author,unknown,0.35,0.45,0.65,needs_review,low_relationship_confidence|low_classification_confidence,,,
959::ff0adb3e72cabd2d464427bdf35dea985bb10070a8dd7b4bdfc0b68d47920f34::author,959,Tasuku Honjo,Q137009002,author,unknown,0.35,0.45,0.65,needs_review,low_relationship_confidence|low_classification_confidence,,,
959::4ca997a29b0dff7629679b2b29a26f456e41e8ff45d98c97b6dc95c10d0f237c::author,959,Tasuku Honjo,Q137009006,author,unknown,0.35,0.45,0.65,needs_review,low_relationship_confidence|low_classification_confidence,,,
959::c82b353129186d525bfd00d40460d3b005534711a5d19cd0b69cd9fad4ecfe8f::author,959,Tasuku Honjo,Q137009008,author,unknown,0.35,0.45,0.65,needs_review,low_relationship_confidence|low_classification_confidence,,,
959::32bff6377dc59a4c59114f6afa8395fabc48927a3e48d1a0bd397caf8a65fe85::author,959,Tasuku Honjo,Q137009012,author,unknown,0.35,0.45,0.65,needs_review,low_relationship_confidence|low_classification_confidence,,,
959::1435272c928e4cabc48ac5a272c68f56e040b648fd7c051b4256324bece1a57d::author,959,Tasuku Honjo,Q137009013,author,unknown,0.35,0.45,0.65,needs_review,low_relationship_confidence|low_classification_confidence,,,
959::20ab2cd70a570455c0926aaa877009e340b7dd4f278b94e7360a44e46335e361::author,959,Tasuku Honjo,Q137009014,author,unknown,0.35,0.45,0.65,needs_review,low_relationship_confidence|low_classification_confidence,,,
959::22842ae47b37929e193cdb72ce163207a8530a2ee7b64f04ca9c455d91dc4ece::author,959,Tasuku Honjo,Q137009050,author,unknown,0.35,0.45,0.65,needs_review,low_relationship_confidence|low_classification_confidence,,,
959::956ea5d0ba197f550554f17155ff9ba41884252609a65d9637fbfd9d5b81c786::author,959,Tasuku Honjo,Q137009053,author,unknown,0.35,0.45,0.65,needs_review,low_relationship_confidence|low_classification_confidence,,,
183::764a49d7f8f730e1ce820744c0c28acf7ff52854582ae435f7c857ce14a530d9::author,183,The Svedberg,The ultracentrifuge,author,unknown,0.35,0.45,0.65,needs_review,low_relationship_confidence|low_classification_confidence,,,
842::c5191c6f7f4a6b0650a3af4039a793b56b40cf296f7ee5fd05746a655995889b::author,842,Thomas A. Steitz,Q136850628,author,unknown,0.35,0.45,0.65,needs_review,low_relationship_confidence|low_classification_confidence,,,
886::2de28ac0e0bfb84ae08cfb183f897f125213ab96a8e7eafa3a7add69ab843a6b::author,886,Thomas C. Südhof,Q137043234,author,unknown,0.35,0.45,0.65,needs_review,low_relationship_confidence|low_classification_confidence,,,
886::0238951b68bf39fae6efff150b72dfec4252e67214f7adba8d2ba30e85967bfc::author,886,Thomas C. Südhof,Q137043238,author,unknown,0.35,0.45,0.65,needs_review,low_relationship_confidence|low_classification_confidence,,,
886::53b29dfcaeaeb0ecf13338146d6193396a7f7bee170ea2b4b847f04e2bf80872::author,886,Thomas C. Südhof,Q137043253,author,unknown,0.35,0.45,0.65,needs_review,low_relationship_confidence|low_classification_confidence,,,
886::10bad395faad8c0ca597ae9dc4ececdd86dc80e1bbb1d150f80597dee299084f::author,886,Thomas C. Südhof,Q137043260,author,unknown,0.35,0.45,0.65,needs_review,low_relationship_confidence|low_classification_confidence,,,
886::b40b6a79117c8a173e18a74799900b5778163fc6510c02688987e87aa053c28a::author,886,Thomas C. Südhof,Q137043261,author,unknown,0.35,0.45,0.65,needs_review,low_relationship_confidence|low_classification_confidence,,,
886::57a7836bc24a9d2cd52b6fc9b3898d2d57f4ca973b656c2db0b5a29aa1e1396b::author,886,Thomas C. Südhof,Q137043264,author,unknown,0.35,0.45,0.65,needs_review,low_relationship_confidence|low_classification_confidence,,,
886::b6ec29464ec1236c0a7f9eaad1e2cd5817210a96c4ceda280d98af4b808bf60c::author,886,Thomas C. Südhof,Q137043266,author,unknown,0.35,0.45,0.65,needs_review,low_relationship_confidence|low_classification_confidence,,,
886::3d8205c7af43e5c9c6172e7ef7a5460706978eda7f66806308c2c01e5991cbf0::author,886,Thomas C. Südhof,Q137043271,author,unknown,0.35,0.45,0.65,needs_review,low_relationship_confidence|low_classification_confidence,,,
886::2fdfe739088597039f85cc345ec89cb5168305706cdf7873151bbbd3151bf5b0::author,886,Thomas C. Südhof,Q137043276,author,unknown,0.35,0.45,0.65,needs_review,low_relationship_confidence|low_classification_confidence,,,
886::0fb49b748cc105c137e8d55bc87d433f81aa7d25699ba6442e57165895442abd::author,886,Thomas C. Südhof,Q137043277,author,unknown,0.35,0.45,0.65,needs_review,low_relationship_confidence|low_classification_confidence,,,
886::53ad2f42974f527b05b8c8d5c8ac65bf54bf9728b955adc47b66967b1ab4ce8b::author,886,Thomas C. Südhof,Q137043281,author,unknown,0.35,0.45,0.65,needs_review,low_relationship_confidence|low_classification_confidence,,,
325::a258ec0c504542560d46ec0b5689a6f30b7c5436a905dba307d2d69d33279937::author,325,Thomas H. Morgan,A contribution to the embryology and phylogeny of the pycnogonids ..,author,unknown,0.35,0.45,0.65,needs_review,low_relationship_confidence|low_classification_confidence,,,
325::edb929d95b4d727685b674c8ec7745764734f7350dc18c1f3e2e6037d13b56f8::author,325,Thomas H. Morgan,A critique of the theory of evolution,author,unknown,0.57,0.7,0.65,needs_review,low_relationship_confidence|low_classification_confidence,,,
325::07572393c246f6dffba60203171693003868153ee76f2e0c9e5914e720c7a3f2::author,325,Thomas H. Morgan,Contribution to the embryology and phylogeny of the Pycnogonids ..,author,unknown,0.35,0.45,0.65,needs_review,low_relationship_confidence|low_classification_confidence,,,
325::39a77e96c479f61f19bcbd6e14970d14a0f0b9d79041ece8d2299edcaf9265db::author,325,Thomas H. Morgan,Contributions to the genetics of Drosophila melanogaster,author,unknown,0.35,0.45,0.65,needs_review,low_relationship_confidence|low_classification_confidence,,,
325::339b198b955ce046dc4b206f90e4e09f230bb44ed34204bfd685c08e7137b617::author,325,Thomas H. Morgan,Contributions to the genetics of Drosophila melanogaster ..,author,unknown,0.35,0.45,0.65,needs_review,low_relationship_confidence|low_classification_confidence,,,
325::cbe20ad00536079750662e961c75b4ad460c89b25c0d724011ce62076b0f2886::author,325,Thomas H. Morgan,Evolution and adaptation,author,unknown,0.35,0.45,0.65,needs_review,low_relationship_confidence|low_classification_confidence,,,
325::42ab1a83c31b2bb6cde661d01101fbc4803fff762b4a3224dbaa11eb017d40fb::author,325,Thomas H. Morgan,Evolution and adaptation,author,unknown,0.35,0.45,0.65,needs_review,low_relationship_confidence|low_classification_confidence,,,
325::40e33ad8afed079935d4e59e6d58cac9032889449ac76e318389d409f3490715::author,325,Thomas H. Morgan,Evolution and genetics,author,unknown,0.35,0.45,0.65,needs_review,low_relationship_confidence|low_classification_confidence,,,
325::370f987df5c810dc4ec8a7e535ef975379ee90e14e11487db4713e066e2c2ad4::author,325,Thomas H. Morgan,Experimental embryology. --,author,unknown,0.35,0.45,0.65,needs_review,low_relationship_confidence|low_classification_confidence,,,
325::3cd474d73b962d72816fcaf7acaf662e6eb25a17616dfbb107d50bf1665b9223::author,325,Thomas H. Morgan,Experimental zoölogy,author,unknown,0.35,0.45,0.65,needs_review,low_relationship_confidence|low_classification_confidence,,,
325::544259749a0c4fae672ed1fb578c7483229158d2cdb209f6cd2c92494b6f524d::author,325,Thomas H. Morgan,Experimental zoölogy,author,unknown,0.35,0.45,0.65,needs_review,low_relationship_confidence|low_classification_confidence,,,
325::e99d7e5480e323666de4beaa8892eb135bcdd4cb5383b093db8c0c92047c987f::author,325,Thomas H. Morgan,Heredity and sex,author,unknown,0.35,0.45,0.65,needs_review,low_relationship_confidence|low_classification_confidence,,,
325::9a60bdd2c1c96d91e60c92fa64d4281ff9bd392357badcc441f766fd825178c3::author,325,Thomas H. Morgan,Heredity and sex,author,unknown,0.35,0.45,0.65,needs_review,low_relationship_confidence|low_classification_confidence,,,
325::a3a77991d181063167b4dc3472a5a4d4418a63fd7f5d68037d3efd1abdb93443::author,325,Thomas H. Morgan,Heredity and sex,author,unknown,0.35,0.45,0.65,needs_review,low_relationship_confidence|low_classification_confidence,,,
325::c79e3d3bd7297afb3a74ccedbf6d815aede381d8780e5c7063932bf48a641e03::author,325,Thomas H. Morgan,Heredity and sex,author,unknown,0.35,0.45,0.65,needs_review,low_relationship_confidence|low_classification_confidence,,,
325::797fb0610241e36314622383bf95dd61dc2a69b89d3210488e99320a78b73a2a::author,325,Thomas H. Morgan,Sex-linked inheritance in Drosophila,author,unknown,0.35,0.45,0.65,needs_review,low_relationship_confidence|low_classification_confidence,,,
325::9f2889ec4a748d5de05df849fa72c17568d2460babe167f1854ce55ca74e14d4::author,325,Thomas H. Morgan,The Mechanism of Mendelian heredity,author,unknown,0.35,0.45,0.65,needs_review,low_relationship_confidence|low_classification_confidence,,,
325::6db0cdaa8c93c00c048f1b97c0f1c388bae789d76e147d809c65eeb1462ba4f1::author,325,Thomas H. Morgan,The development of the frog's egg: an introduction to experimental embryology,author,unknown,0.6,0.7,0.65,needs_review,low_relationship_confidence|low_classification_confidence,,,
325::76d16637d7e798f4e994b2002b8f67d37cb2238355e6f54ce3f04d10ff956e05::author,325,Thomas H. Morgan,The development of the frog's egg; an introduction to experimental embryology,author,unknown,0.6,0.7,0.65,needs_review,low_relationship_confidence|low_classification_confidence,,,
325::c34cd3ba467f6064b18df85a89ed74fe46028d37f77c499e7a04c7368fbf1f56::author,325,Thomas H. Morgan,The genetic and the operative evidence relating to secondary sexual characters,author,unknown,0.35,0.45,0.65,needs_review,low_relationship_confidence|low_classification_confidence,,,
325::ce0249ee44fbbd35f402ea289ad4649e3063e9d1ec7628fcb9611b37346240c9::author,325,Thomas H. Morgan,The mechanism of Mendelian heredity,author,unknown,0.35,0.45,0.65,needs_review,low_relationship_confidence|low_classification_confidence,,,
325::1c204590a5e14b669181c81cd133f3f9a6c8bfe41422c777ff306bc5802a68af::author,325,Thomas H. Morgan,The physical basis of heredity,author,unknown,0.35,0.45,0.65,needs_review,low_relationship_confidence|low_classification_confidence,,,
325::5885b34cb4b0ba70e3ee0183277060eecf32ed5c581c5938bc03ac5cce733f0c::author,325,Thomas H. Morgan,The physical basis of heredity,author,unknown,0.35,0.45,0.65,needs_review,low_relationship_confidence|low_classification_confidence,,,
325::264e0ca547b7c706951b1c96e72976357b16c35a6382c2153b8fcc8f46746d1c::author,325,Thomas H. Morgan,The physical basis of heredity,author,unknown,0.35,0.45,0.65,needs_review,low_relationship_confidence|low_classification_confidence,,,
325::326b013ddf99ba91ca643960cae3a0d5b8ef44a7763b79f48782608730ce5fb1::author,325,Thomas H. Morgan,The physical basis of heredity,author,unknown,0.35,0.45,0.65,needs_review,low_relationship_confidence|low_classification_confidence,,,
325::0dc8741d26b0dd01545e52bdec220a2fb2a72b18c316170c41ccac99e25d578a::author,325,Thomas H. Morgan,The physical basis of heredity,author,unknown,0.35,0.45,0.65,needs_review,low_relationship_confidence|low_classification_confidence,,,
325::f5c655d643ca6af0b7cc2b495fe72aca2af3a576c048003ec3f902606d192a02::author,325,Thomas H. Morgan,law of segregation,author,unknown,0.35,0.45,0.65,needs_review,low_relationship_confidence|low_classification_confidence,,,
357::e506202f76f50f65eb995bac1688427017e3ac96965c56daadcd74833d75fe37::author,357,Thomas H. Weller,ERNEST EDWARD TYZZER 1875-1965,author,unknown,0.35,0.45,0.65,needs_review,low_relationship_confidence|low_classification_confidence,,,
274::84afaea508d72137165d2cb875845da9017e92ae154b3b4a11c15ebcde78c6e4::author,274,Thomas R. Cech,Q136792562,author,unknown,0.35,0.45,0.65,needs_review,low_relationship_confidence|low_classification_confidence,,,
274::e1a2e6a34a51ca21521fcb75583dfbf99077a315bc36e094b76c9a8b7e846a32::author,274,Thomas R. Cech,Q136792563,author,unknown,0.35,0.45,0.65,needs_review,low_relationship_confidence|low_classification_confidence,,,
274::23991699b58294193d8e216305b4000da5fffd56e9fe0b79c64ebe1060218653::author,274,Thomas R. Cech,Q136792565,author,unknown,0.35,0.45,0.65,needs_review,low_relationship_confidence|low_classification_confidence,,,
274::c914f487ba2af596d982a4f4c61cffb32bb15d017827dad3946e10f668d72629::author,274,Thomas R. Cech,Q136792566,author,unknown,0.35,0.45,0.65,needs_review,low_relationship_confidence|low_classification_confidence,,,
274::81304ebbadd33507d8d87053a2f79a84f33ae3d14e729f24f7bea4f2b450a3ed::author,274,Thomas R. Cech,Q136792569,author,unknown,0.35,0.45,0.65,needs_review,low_relationship_confidence|low_classification_confidence,,,
274::d5384d3b69e8bdd4ed132fa0e82ddd1b37edde366a426c88a38d0b98e602cb9e::author,274,Thomas R. Cech,Q136792570,author,unknown,0.35,0.45,0.65,needs_review,low_relationship_confidence|low_classification_confidence,,,
274::77ba3a4dcf8fdecf09112c1e26667981db520ecc79b676f59526374c1e22e32d::author,274,Thomas R. Cech,Q136792571,author,unknown,0.35,0.45,0.65,needs_review,low_relationship_confidence|low_classification_confidence,,,
274::e42ad2865f0af4646d15d165055ceed2838d8918ebca587443bca8656f4cabf6::author,274,Thomas R. Cech,Q136792572,author,unknown,0.35,0.45,0.65,needs_review,low_relationship_confidence|low_classification_confidence,,,
918::909927bbb3449d4886d98a494ffa960b8544e7fb3bbac9eb9bfb20ec171e7e2b::author,918,Tu Youyou,Studies on Pharmacological Actions of Artemisia annua,author,unknown,0.35,0.45,0.65,needs_review,low_relationship_confidence|low_classification_confidence,,,
347::d259f271dde3e8e4727cb1b8fc0c7b76cd1fc098e6505d6d00cf20647ea02195::author,347,Walter Hess,"Diencephalon, autonomic and extrapyramidal functions",author,unknown,0.35,0.45,0.65,needs_review,low_relationship_confidence|low_classification_confidence,,,
178::b80409984a3374227e8206b4e623f60b075397889c0ff46800ca761639ebb999::author,178,Walther Nernst,third law of thermodynamics,author,unknown,0.57,0.7,0.65,needs_review,low_relationship_confidence|low_classification_confidence,,,
206::e45858fc393a9a54a118244e1869eb20a0fe2675b8c987e689077723453202c3::author,206,Wendell M. Stanley,"The viruses; biochemical, biological, and biophysical properties",author,unknown,0.35,0.45,0.65,needs_review,low_relationship_confidence|low_classification_confidence,,,
38::1ebab04660791f090b71470c6399ef9de7480932691b8de8632babae2565e012::author,38,Werner Heisenberg,Physics and Beyond,author,unknown,0.35,0.45,0.65,needs_review,low_relationship_confidence|low_classification_confidence,,,
38::edb4a25d528ee17e20d60312cd1cb972562c89b35d244671317af50b7ec5e0c8::author,38,Werner Heisenberg,Physics and Philosophy: The Revolution in Modern Science,author,unknown,0.35,0.45,0.65,needs_review,low_relationship_confidence|low_classification_confidence,,,
38::4206f9dc7e00432e70f260d9e2ffe10eaae48c96b56c2ec308a7ab91813b884a::author,38,Werner Heisenberg,Q139381236,author,unknown,0.35,0.45,0.65,needs_review,low_relationship_confidence|low_classification_confidence,,,
38::0879141a5b7c61341efd4b665639d7855b107bafb51a5f45d10278df1bbe4d28::author,38,Werner Heisenberg,The Physical Principles of the Quantum Theory,author,unknown,0.69,0.85,0.65,needs_review,low_relationship_confidence,,,
1::6e2b04e66929e52f502a5854e3aa459482fb63cd1c6a4cae89f0c48e1aba390b::author,1,Wilhelm Conrad Röntgen,Q19231600,author,unknown,0.35,0.45,0.65,needs_review,low_relationship_confidence|low_classification_confidence,,,
1::b2fa469b310fffe66335dcfd8e60d5e2dd40560c4e1fa2c134b36e657d5e403e::author,1,Wilhelm Conrad Röntgen,Q19237682,author,unknown,0.35,0.45,0.65,needs_review,low_relationship_confidence|low_classification_confidence,,,
168::8592cbc89b9fc4e3b8d20c89eeedbae2c5ace7ed92fc26385eb0cbe7b30e8dec::editor,168,Wilhelm Ostwald,Annalen der Naturphilosophie,editor,unknown,0.35,0.45,0.65,needs_review,low_relationship_confidence|low_classification_confidence,,,
168::e3dda8fd264dc884bcc346b7b56cc33019ab70e3fe395a0c8ca8e9748e1a89d0::author,168,Wilhelm Ostwald,Der Farbenatlas,author,unknown,0.35,0.45,0.65,needs_review,low_relationship_confidence|low_classification_confidence,,,
168::066f69a2ae13199010bb7a694249105719902bdea52e2da0c5ee6d9b25fa4a48::author,168,Wilhelm Ostwald,Der Farbkörper und seine Anwendung zur Herstellung farbiger Harmonien,author,unknown,0.35,0.45,0.65,needs_review,low_relationship_confidence|low_classification_confidence,,,
168::276aa175cdf0e116c910e9d9fa957873e2b6263ebf7125d2f30f91c3a2a1d21e::author,168,Wilhelm Ostwald,Die Farbenfibel,author,unknown,0.35,0.45,0.65,needs_review,low_relationship_confidence|low_classification_confidence,,,
168::d757c2cc2e40025af792f24e7b5b4b2249fbf781c190cc3cd2075832214c339e::author,168,Wilhelm Ostwald,Die Farbenlehre,author,unknown,0.35,0.45,0.65,needs_review,low_relationship_confidence|low_classification_confidence,,,
168::d36ff782dff2960d05a51cce20f44173b11dc81baae28b9a8df79e9ad2cc564b::author,168,Wilhelm Ostwald,Die Harmonie der Farben,author,unknown,0.35,0.45,0.65,needs_review,low_relationship_confidence|low_classification_confidence,,,
168::a38fdb180d304340f7e5ec5c43c27d909c972dd741c5ceda9cdd7f94e45a42dd::author,168,Wilhelm Ostwald,Q124449207,author,unknown,0.35,0.45,0.65,needs_review,low_relationship_confidence|low_classification_confidence,,,
168::fff35876458542819402bcb6869e000fd100deb28835c6456e224444e7a7b6ec::author,168,Wilhelm Ostwald,Q19216493,author,unknown,0.35,0.45,0.65,needs_review,low_relationship_confidence|low_classification_confidence,,,
168::007dcb15ca6ee2bbc6c846f18e58a4d5fbf3fd6e0d7bb38f4e1150a3e995d9bb::author,168,Wilhelm Ostwald,Q19238071,author,unknown,0.35,0.45,0.65,needs_review,low_relationship_confidence|low_classification_confidence,,,
16::56cc0b4068b3a33b223c6849a9cd6d2fe774e76b3fcd9c16d1bbca2b3eeee786::author,16,Wilhelm Wien,Q19179133,author,unknown,0.35,0.45,0.65,needs_review,low_relationship_confidence|low_classification_confidence,,,
16::24e7acc1bbc9ebfe667a6e86f42bf9fe2e75a33c642f5ea6aa4849783ebe3ab6::author,16,Wilhelm Wien,Q19181281,author,unknown,0.35,0.45,0.65,needs_review,low_relationship_confidence|low_classification_confidence,,,
16::75446c52f80393fcb233d7ed4d190082fb009a37ca48b7627b690bbd4a6797ac::author,16,Wilhelm Wien,Q19187029,author,unknown,0.35,0.45,0.65,needs_review,low_relationship_confidence|low_classification_confidence,,,
16::cf05637726462cdb5c629971e94b5d219e75f019ccf30f3268d71c670e9c692c::author,16,Wilhelm Wien,Q19187034,author,unknown,0.35,0.45,0.65,needs_review,low_relationship_confidence|low_classification_confidence,,,
16::7e261be716aee793408013eaf1a1ccb8e6c52e9a8ef57665da8a980db2a58d69::author,16,Wilhelm Wien,Q19195205,author,unknown,0.35,0.45,0.65,needs_review,low_relationship_confidence|low_classification_confidence,,,
16::f9be35f27263c3de81e1a7a3363fae4041460c3743a0780c9a7ba599bbfd8458::author,16,Wilhelm Wien,Q19230778,author,unknown,0.35,0.45,0.65,needs_review,low_relationship_confidence|low_classification_confidence,,,
16::7439d47c5db1d03fe6f56dfdc84b43e029fc2d6385e73259212cae3fa8b30d55::author,16,Wilhelm Wien,Q19240086,author,unknown,0.35,0.45,0.65,needs_review,low_relationship_confidence|low_classification_confidence,,,
16::474e80ffe3914592a6cda03fa9d73b94a90f437249d790061100054c75ebb334::author,16,Wilhelm Wien,Q19240516,author,unknown,0.35,0.45,0.65,needs_review,low_relationship_confidence|low_classification_confidence,,,
224::e6e60b74d117d7297808a8f017c6f1e12d94257e71a37f8e8b6175c7010015bd::author,224,Willard F. Libby,Radiocarbon dating,author,unknown,0.35,0.45,0.65,needs_review,low_relationship_confidence|low_classification_confidence,,,
65::b004021bcd66f146169e93da30ad52a722d1d98a9cce69de8af85a42c1d5878c::author,65,William B. Shockley,Electrons and Holes in Semiconductors,author,unknown,0.35,0.45,0.65,needs_review,low_relationship_confidence|low_classification_confidence,,,
65::c26ca5c803a8571d191a8795fa640286541dde9be03d530d455171876896da19::editor,65,William B. Shockley,Imperfections in nearly perfect crystals,editor,unknown,0.35,0.45,0.65,needs_review,low_relationship_confidence|low_classification_confidence,,,
65::3cf011a73951d2cfa92a0b76a70a9b77a3e838d39fb20e6fc783a7a153ef32cc::author,65,William B. Shockley,The Offset Analysis of Racial Differences,author,unknown,0.35,0.45,0.65,needs_review,low_relationship_confidence|low_classification_confidence,,,
20::5456f6d6e661f8ba2f20345fc398b0a10d3e779e612c6aa47da91cd186c73df6::author,20,William Bragg,Q108843045,author,unknown,0.35,0.45,0.65,needs_review,low_relationship_confidence|low_classification_confidence,,,
20::66909819274620b6dd89c125ba561b29484ad5592231080d7d9eb80e132a592c::author,20,William Bragg,Q108843047,author,unknown,0.35,0.45,0.65,needs_review,low_relationship_confidence|low_classification_confidence,,,
20::4c3a1d9a7e8ef4093aa09a0706d7dcd76724ea6ccdbd6482a9809c475a1ab658::author,20,William Bragg,Q108843048,author,unknown,0.35,0.45,0.65,needs_review,low_relationship_confidence|low_classification_confidence,,,
20::9db89a4324e992859e2df8a71f9be33439b55d16d8d02343330274c289a093b7::author,20,William Bragg,Q108843049,author,unknown,0.35,0.45,0.65,needs_review,low_relationship_confidence|low_classification_confidence,,,
20::60d0cd5a5217f48b4a080e52938228877c91dc78e7435b1de2aae160d66a78f3::author,20,William Bragg,Q108843051,author,unknown,0.35,0.45,0.65,needs_review,low_relationship_confidence|low_classification_confidence,,,
20::aca7c91e6ad5a8bd52cb0e2758316b5a5df5b6768c03a7c1ec897c99f8c5b19e::author,20,William Bragg,Q108843052,author,unknown,0.35,0.45,0.65,needs_review,low_relationship_confidence|low_classification_confidence,,,
20::b8c1c2ed8f3f02513d5f54f92d529fa2a5f4f9faf6947e3c51b27e23da3a2f5d::author,20,William Bragg,Q109225993,author,unknown,0.35,0.45,0.65,needs_review,low_relationship_confidence|low_classification_confidence,,,
20::db61a5c08824d066d658ff2edb2275e58180f8aef05133238639f2738c5ca5b0::author,20,William Bragg,Q109225994,author,unknown,0.35,0.45,0.65,needs_review,low_relationship_confidence|low_classification_confidence,,,
20::227fc47d0fc9e76ea0fb69c61d94f82d72c2810c879b74dabeb51466aa8f4179::author,20,William Bragg,Q109225995,author,unknown,0.35,0.45,0.65,needs_review,low_relationship_confidence|low_classification_confidence,,,
20::51b48b9f63f84b89dc5a0adf418a4a2ade3e49b6ff8de8f2f9e2104c2cdf1c98::author,20,William Bragg,Q98151908,author,unknown,0.35,0.45,0.65,needs_review,low_relationship_confidence|low_classification_confidence,,,
20::255c83ba8a0374be77060af2b76c2d967b676edb2354b28d09fa91f1c23f796a::author,20,William Bragg,The crystalline state. Vol. 1 : A general survey / William H. Bragg; W. L. Bragg. - 1933,author,unknown,0.35,0.45,0.65,needs_review,low_relationship_confidence|low_classification_confidence,,,
154::7d6dc031facceae2723d1c04721920aec592aa42919a0f7b797974a95a9e4239::author,154,William D. Phillips,Q136906149,author,unknown,0.35,0.45,0.65,needs_review,low_relationship_confidence|low_classification_confidence,,,
154::9dd0c3bd0f56f9651aded481ee6211b4851518d3d6198cd7b321e959f2b4f1c5::author,154,William D. Phillips,Q136906151,author,unknown,0.35,0.45,0.65,needs_review,low_relationship_confidence|low_classification_confidence,,,
154::06ec13a5063e7277fa9693585b3462a38bc5b84b1ea682d117abd585754f5124::author,154,William D. Phillips,Q136906153,author,unknown,0.35,0.45,0.65,needs_review,low_relationship_confidence|low_classification_confidence,,,
154::5a02bf5de523c4f72f8c7aae4ac3b78e1669075ec7318cdbbd63c6528f11e121::author,154,William D. Phillips,Q136906155,author,unknown,0.35,0.45,0.65,needs_review,low_relationship_confidence|low_classification_confidence,,,
154::7b2894f39197981af0500abf1cb26e6ddd201326bdd239373bb6ee6c46260e20::author,154,William D. Phillips,Q136906157,author,unknown,0.35,0.45,0.65,needs_review,low_relationship_confidence|low_classification_confidence,,,
154::edfafa6bbc9e36b012fa9069cfab324b7f81030a862c725702581bec9eae431e::author,154,William D. Phillips,Q136906158,author,unknown,0.35,0.45,0.65,needs_review,low_relationship_confidence|low_classification_confidence,,,
154::12a86b0fcf1e739524452cddcd25187ca9d31aca35465934784b5e7f3767831a::author,154,William D. Phillips,Q136906159,author,unknown,0.35,0.45,0.65,needs_review,low_relationship_confidence|low_classification_confidence,,,
154::3484c0ac953a6dd19de650ad605516dd664dd6a19e799d19dc1b2c9918c9b3ea::author,154,William D. Phillips,Q136906161,author,unknown,0.35,0.45,0.65,needs_review,low_relationship_confidence|low_classification_confidence,,,
154::b0a7d1b5e02f233124654fbceec80bb2cfd5ec025da00d9c02a830fc7dd86cf4::author,154,William D. Phillips,Q136906162,author,unknown,0.35,0.45,0.65,needs_review,low_relationship_confidence|low_classification_confidence,,,
154::d4db50469392da718f56245c8fb74608a9c1277e0a6f1157d3126fd5f4be60e0::author,154,William D. Phillips,Q136906164,author,unknown,0.35,0.45,0.65,needs_review,low_relationship_confidence|low_classification_confidence,,,
154::b1d906ba4da02a7cfbaaab80c616bf0291b9453459ff70a052208c7970bc2540::author,154,William D. Phillips,Q136906166,author,unknown,0.35,0.45,0.65,needs_review,low_relationship_confidence|low_classification_confidence,,,
154::cdfcd25254ed4e2bc076dafcba29570c0deb35d096f1202fdec80249c9d3b8da::author,154,William D. Phillips,Q136906169,author,unknown,0.35,0.45,0.65,needs_review,low_relationship_confidence|low_classification_confidence,,,
154::6e29b1c2f36885f5927239253504cbe67fe9669022dd74ae900924b5f8feea97::author,154,William D. Phillips,Q136906172,author,unknown,0.35,0.45,0.65,needs_review,low_relationship_confidence|low_classification_confidence,,,
154::0b3080b9c3f2332c11e1b7fffab51669e29a662e8f6c6ffb41f6ee32bf2ca0e6::author,154,William D. Phillips,Q136906173,author,unknown,0.35,0.45,0.65,needs_review,low_relationship_confidence|low_classification_confidence,,,
154::fea83110346eee48be66165139fc9719dd3c25eb020e1c01225d18536a12d185::author,154,William D. Phillips,Q136906174,author,unknown,0.35,0.45,0.65,needs_review,low_relationship_confidence|low_classification_confidence,,,
154::e3653d6c7510e632995eded7aa2760272dcf7261c78e0fbc5ee9ac5984c65f45::author,154,William D. Phillips,Q136906175,author,unknown,0.35,0.45,0.65,needs_review,low_relationship_confidence|low_classification_confidence,,,
154::79d3a65d441aca318580af9b64732091c9a64b8fa1114b820c68180f5477b710::author,154,William D. Phillips,Q136906176,author,unknown,0.35,0.45,0.65,needs_review,low_relationship_confidence|low_classification_confidence,,,
154::a9d44e9acfe99483feb34a94b2530e8d2fa3fe1415ba189140acbb9b00d7ca8b::author,154,William D. Phillips,Q136906178,author,unknown,0.35,0.45,0.65,needs_review,low_relationship_confidence|low_classification_confidence,,,
154::7144e2a645ac7ea866e56d5c055d54af911f50beb68d14af19e7b9cc5274654b::author,154,William D. Phillips,Q136906179,author,unknown,0.35,0.45,0.65,needs_review,low_relationship_confidence|low_classification_confidence,,,
970::69c4b5facb335f9f5d0d9a6384cbe405f4f5a3455c94a245f25d4c4a4f43b57a::author,970,William G. Kaelin Jr,Q136822229,author,unknown,0.35,0.45,0.65,needs_review,low_relationship_confidence|low_classification_confidence,,,
970::61c6f8c27b4010b6037f231e44ad14968ea04ea0909984286d188214d4dc9da8::author,970,William G. Kaelin Jr,Q136822231,author,unknown,0.35,0.45,0.65,needs_review,low_relationship_confidence|low_classification_confidence,,,
970::98cf5beff6171dbfe7cd0cb75f62db1487aab9dfb4854e8a7e1765ef460a0300::author,970,William G. Kaelin Jr,Q136822233,author,unknown,0.35,0.45,0.65,needs_review,low_relationship_confidence|low_classification_confidence,,,
970::6ce6b38e6338e6ecbbd5702476bb40d6a181412fe90b4d41ebc8a6f8a2a4ceed::author,970,William G. Kaelin Jr,Q136822234,author,unknown,0.35,0.45,0.65,needs_review,low_relationship_confidence|low_classification_confidence,,,
970::68d9348b070fd401b2a0357839d5cdf92b85f6782637c90107028759a88ca440::author,970,William G. Kaelin Jr,Q136822235,author,unknown,0.35,0.45,0.65,needs_review,low_relationship_confidence|low_classification_confidence,,,
970::4935190bdb7ec229063801e29343767d68308852a3f28b1dc0b102e99659ddc4::author,970,William G. Kaelin Jr,Q136822236,author,unknown,0.35,0.45,0.65,needs_review,low_relationship_confidence|low_classification_confidence,,,
970::18c64e79eb95eea054ca663ab6452282612bbb9812208de70e2056f4ee45ded6::author,970,William G. Kaelin Jr,Q136822239,author,unknown,0.35,0.45,0.65,needs_review,low_relationship_confidence|low_classification_confidence,,,
970::70356e5e008e4b5ef73f23dd719861fd0ff34ba8a08c814da32542fc65378bd9::author,970,William G. Kaelin Jr,Q136822241,author,unknown,0.35,0.45,0.65,needs_review,low_relationship_confidence|low_classification_confidence,,,
970::ffa9e9b214b95acc43db25cc43152046faeab8cb2e94db7b568b80e7bf5603d1::author,970,William G. Kaelin Jr,Q136822242,author,unknown,0.35,0.45,0.65,needs_review,low_relationship_confidence|low_classification_confidence,,,
970::34d71d2270e4168e77ef7fd8523737265755a60ef7a89306c7586aa9c862c666::author,970,William G. Kaelin Jr,Q136822243,author,unknown,0.35,0.45,0.65,needs_review,low_relationship_confidence|low_classification_confidence,,,
50::e18d09f1b0c5fa4a07a477add4535442e536c0e14e32fad14cfef01bd2a6c8d5::editor,50,Wolfgang Pauli,Niels Bohr and the development of physics,editor,unknown,0.35,0.45,0.65,needs_review,low_relationship_confidence|low_classification_confidence,,,
50::08881229ee477a81b06f570198ea54b245054f91fb072e08220981e7caac75b5::author,50,Wolfgang Pauli,The Interpretation of nature and the psyche. Synchronicity: an acausal connecting principle,author,unknown,0.35,0.45,0.65,needs_review,low_relationship_confidence|low_classification_confidence,,,
