status,left_work_id,left_title,right_work_id,right_title,confidence,reviewer_decision,reviewer_reason
merge_review,927,??????????,988,??????????,1.000,,
merge_review,934,Niels Bohr,1101,Niels Bohr,1.000,,
merge_review,934,Niels Bohr,1202,Niels Bohr,1.000,,
merge_review,937,Kerndeformationen,1023,Kerndeformationen,1.000,,
merge_review,946,Nuclear Structure,1001,Nuclear structure,1.000,,
merge_review,946,Nuclear Structure,1026,Nuclear structure,1.000,,
merge_review,946,Nuclear Structure,1030,Nuclear Structure,1.000,,
merge_review,946,Nuclear Structure,1076,Nuclear Structure,1.000,,
merge_review,946,Nuclear Structure,1080,Nuclear Structure,1.000,,
merge_review,946,Nuclear Structure,1095,Nuclear Structure,1.000,,
merge_review,946,Nuclear Structure,1097,Nuclear Structure,1.000,,
merge_review,946,Nuclear Structure,1243,Nuclear Structure,1.000,,
merge_review,946,Nuclear Structure,1332,Nuclear Structure,1.000,,
merge_review,9,Nuclear Structure,946,Nuclear Structure,1.000,,
merge_review,836,Nuclear Structure,946,Nuclear Structure,1.000,,
merge_review,947,The Abdus Salam Memorial Meeting,1254,The Abdus Salam Memorial Meeting,1.000,,
merge_review,968,Одночастичное движение,1307,Одночастичное движение,1.000,,
merge_review,974,Principles & Practice of Urology,991,Principles & Practice of Urology,1.000,,
merge_review,974,Principles & Practice of Urology,1078,Principles & Practice of Urology,1.000,,
merge_review,991,Principles & Practice of Urology,1078,Principles & Practice of Urology,1.000,,
merge_review,992,Struktur der Atomkerne,1019,Struktur der Atomkerne,1.000,,
merge_review,992,Struktur der Atomkerne,1161,Struktur der Atomkerne,1.000,,
merge_review,992,Struktur der Atomkerne,1177,Struktur der Atomkerne,1.000,,
merge_review,992,Struktur der Atomkerne,1238,Struktur der Atomkerne,1.000,,
merge_review,992,Struktur der Atomkerne,1257,Struktur der Atomkerne,1.000,,
merge_review,992,Struktur der Atomkerne,1259,Struktur der Atomkerne,1.000,,
merge_review,1001,Nuclear structure,1026,Nuclear structure,1.000,,
merge_review,1001,Nuclear structure,1030,Nuclear Structure,1.000,,
merge_review,1001,Nuclear structure,1076,Nuclear Structure,1.000,,
merge_review,1001,Nuclear structure,1080,Nuclear Structure,1.000,,
merge_review,1001,Nuclear structure,1095,Nuclear Structure,1.000,,
merge_review,1001,Nuclear structure,1097,Nuclear Structure,1.000,,
merge_review,1001,Nuclear structure,1243,Nuclear Structure,1.000,,
merge_review,1001,Nuclear structure,1332,Nuclear Structure,1.000,,
merge_review,9,Nuclear Structure,1001,Nuclear structure,1.000,,
merge_review,836,Nuclear Structure,1001,Nuclear structure,1.000,,
merge_review,1019,Struktur der Atomkerne,1161,Struktur der Atomkerne,1.000,,
merge_review,1019,Struktur der Atomkerne,1177,Struktur der Atomkerne,1.000,,
merge_review,1019,Struktur der Atomkerne,1238,Struktur der Atomkerne,1.000,,
merge_review,1019,Struktur der Atomkerne,1257,Struktur der Atomkerne,1.000,,
merge_review,1019,Struktur der Atomkerne,1259,Struktur der Atomkerne,1.000,,
merge_review,1021,Syajaratul Ma'arif,1084,Syajaratul Ma'arif,1.000,,
merge_review,1026,Nuclear structure,1030,Nuclear Structure,1.000,,
merge_review,1026,Nuclear structure,1076,Nuclear Structure,1.000,,
merge_review,1026,Nuclear structure,1080,Nuclear Structure,1.000,,
merge_review,1026,Nuclear structure,1095,Nuclear Structure,1.000,,
merge_review,1026,Nuclear structure,1097,Nuclear Structure,1.000,,
merge_review,1026,Nuclear structure,1243,Nuclear Structure,1.000,,
merge_review,1026,Nuclear structure,1332,Nuclear Structure,1.000,,
merge_review,9,Nuclear Structure,1026,Nuclear structure,1.000,,
merge_review,836,Nuclear Structure,1026,Nuclear structure,1.000,,
merge_review,1030,Nuclear Structure,1076,Nuclear Structure,1.000,,
merge_review,1030,Nuclear Structure,1080,Nuclear Structure,1.000,,
merge_review,1030,Nuclear Structure,1095,Nuclear Structure,1.000,,
merge_review,1030,Nuclear Structure,1097,Nuclear Structure,1.000,,
merge_review,1030,Nuclear Structure,1243,Nuclear Structure,1.000,,
merge_review,1030,Nuclear Structure,1332,Nuclear Structure,1.000,,
merge_review,9,Nuclear Structure,1030,Nuclear Structure,1.000,,
merge_review,836,Nuclear Structure,1030,Nuclear Structure,1.000,,
merge_review,1043,History of Newsletters in the Indo-Pakistan Sub-continent,1304,History of newsletters in the Indo-Pakistan sub-continent,1.000,,
merge_review,1056,Fundamentals of Pneumatics and Hydraulics,1300,Fundamentals of Pneumatics and Hydraulics,1.000,,
merge_review,1066,Renaissance of Sciences in Islamic Countries,1085,Renaissance of Sciences in Islamic Countries,1.000,,
merge_review,1076,Nuclear Structure,1080,Nuclear Structure,1.000,,
merge_review,1076,Nuclear Structure,1095,Nuclear Structure,1.000,,
merge_review,1076,Nuclear Structure,1097,Nuclear Structure,1.000,,
merge_review,1076,Nuclear Structure,1243,Nuclear Structure,1.000,,
merge_review,1076,Nuclear Structure,1332,Nuclear Structure,1.000,,
merge_review,9,Nuclear Structure,1076,Nuclear Structure,1.000,,
merge_review,836,Nuclear Structure,1076,Nuclear Structure,1.000,,
merge_review,1080,Nuclear Structure,1095,Nuclear Structure,1.000,,
merge_review,1080,Nuclear Structure,1097,Nuclear Structure,1.000,,
merge_review,1080,Nuclear Structure,1243,Nuclear Structure,1.000,,
merge_review,1080,Nuclear Structure,1332,Nuclear Structure,1.000,,
merge_review,9,Nuclear Structure,1080,Nuclear Structure,1.000,,
merge_review,836,Nuclear Structure,1080,Nuclear Structure,1.000,,
merge_review,1095,Nuclear Structure,1097,Nuclear Structure,1.000,,
merge_review,1095,Nuclear Structure,1243,Nuclear Structure,1.000,,
merge_review,1095,Nuclear Structure,1332,Nuclear Structure,1.000,,
merge_review,9,Nuclear Structure,1095,Nuclear Structure,1.000,,
merge_review,836,Nuclear Structure,1095,Nuclear Structure,1.000,,
merge_review,1097,Nuclear Structure,1243,Nuclear Structure,1.000,,
merge_review,1097,Nuclear Structure,1332,Nuclear Structure,1.000,,
merge_review,9,Nuclear Structure,1097,Nuclear Structure,1.000,,
merge_review,836,Nuclear Structure,1097,Nuclear Structure,1.000,,
merge_review,1099,Unification of Fundamental Forces,1326,Unification of Fundamental Forces,1.000,,
merge_review,1101,Niels Bohr,1202,Niels Bohr,1.000,,
merge_review,1116,Fundamentals of Electrical Machines,1137,Fundamentals of Electrical Machines,1.000,,
merge_review,1116,Fundamentals of Electrical Machines,1168,Fundamentals of Electrical Machines,1.000,,
merge_review,1137,Fundamentals of Electrical Machines,1168,Fundamentals of Electrical Machines,1.000,,
merge_review,1149,L'Examen anatomique post-mortem chez le nouveau-né,1206,L'Examen anatomique 'post-mortem' chez le nouveau-né,1.000,,
merge_review,1161,Struktur der Atomkerne,1177,Struktur der Atomkerne,1.000,,
merge_review,1161,Struktur der Atomkerne,1238,Struktur der Atomkerne,1.000,,
merge_review,1161,Struktur der Atomkerne,1257,Struktur der Atomkerne,1.000,,
merge_review,1161,Struktur der Atomkerne,1259,Struktur der Atomkerne,1.000,,
merge_review,1177,Struktur der Atomkerne,1238,Struktur der Atomkerne,1.000,,
merge_review,1177,Struktur der Atomkerne,1257,Struktur der Atomkerne,1.000,,
merge_review,1177,Struktur der Atomkerne,1259,Struktur der Atomkerne,1.000,,
merge_review,1205,The Roots of the Open Shop,1263,The Roots of the Open Shop,1.000,,
merge_review,29,Collective and individual-particle aspects of nuclear structure,5022,Collective and individual-particle aspects of nuclear structure,1.000,,
merge_review,1238,Struktur der Atomkerne,1257,Struktur der Atomkerne,1.000,,
merge_review,1238,Struktur der Atomkerne,1259,Struktur der Atomkerne,1.000,,
merge_review,1243,Nuclear Structure,1332,Nuclear Structure,1.000,,
merge_review,9,Nuclear Structure,1243,Nuclear Structure,1.000,,
merge_review,836,Nuclear Structure,1243,Nuclear Structure,1.000,,
merge_review,1257,Struktur der Atomkerne,1259,Struktur der Atomkerne,1.000,,
merge_review,9,Nuclear Structure,1332,Nuclear Structure,1.000,,
merge_review,836,Nuclear Structure,1332,Nuclear Structure,1.000,,
merge_review,1402,Enzymatic synthesis of DNA,1761,Enzymatic synthesis of DNA,1.000,,
merge_review,1402,Enzymatic synthesis of DNA,2012,Enzymatic synthesis of DNA.,1.000,,
merge_review,1407,Bioenergetics,1672,Bioenergetics,1.000,,
merge_review,757,Bioenergetics,1407,Bioenergetics,1.000,,
merge_review,1409,First and last experiments in muscle mechanics,2166,First and last experiments in muscle mechanics,1.000,,
merge_review,1409,First and last experiments in muscle mechanics,2193,First and last experiments in muscle mechanics,1.000,,
merge_review,1410,"The Ethical dilemma of science, and other writings",1986,"The ethical dilemma of science, and other writings",1.000,,
merge_review,3996,Alpha- beta- and gamma-ray spectroscopy,4221,Alpha-beta and gamma-ray spectroscopy,1.000,,
merge_review,3527,Space-time structure,5033,Space-time structure,1.000,,
merge_review,3527,Space-time structure,3787,Space-Time Structure,1.000,,
merge_review,3999,Energy transformations in living matter,4281,Energy Transformations in Living Matter,1.000,,
merge_review,1411,Light waves and their uses,1413,Light waves and their uses,1.000,,
merge_review,1411,Light waves and their uses,5055,Light waves and their uses,1.000,,
merge_review,1411,Light waves and their uses,1750,Light waves and their uses,1.000,,
merge_review,1411,Light waves and their uses,1839,Light Waves and Their Uses,1.000,,
merge_review,1413,Light waves and their uses,5055,Light waves and their uses,1.000,,
merge_review,1413,Light waves and their uses,1750,Light waves and their uses,1.000,,
merge_review,1413,Light waves and their uses,1839,Light Waves and Their Uses,1.000,,
merge_review,3530,A manual of radioactivity,3677,"A manual of radioactivity,",1.000,,
merge_review,3534,The language of life,3595,The language of life,1.000,,
merge_review,3534,The language of life,3604,The language of life,1.000,,
merge_review,3534,The language of life,3642,The language of life,1.000,,
merge_review,4001,Neural Darwinism,4560,Neural Darwinism,1.000,,
merge_review,160,neural Darwinism,4001,Neural Darwinism,1.000,,
merge_review,1594,Collected Papers,3536,Collected papers,1.000,,
merge_review,3411,Collected Papers,3536,Collected papers,1.000,,
merge_review,2347,Collected papers,3536,Collected papers,1.000,,
merge_review,2463,Collected papers,3536,Collected papers,1.000,,
merge_review,3610,Radioactive Transformations,5032,Radioactive transformations,1.000,,
merge_review,3259,Radio-activity,3590,Radio-activity,1.000,,
merge_review,3259,Radio-activity,5106,Radio-activity,1.000,,
merge_review,3787,Space-Time Structure,5033,Space-time structure,1.000,,
merge_review,1678,Chemistry of muscular contraction,5035,Chemistry of muscular contraction,1.000,,
merge_review,1418,Introduction to a submolecular biology,5059,Introduction to a submolecular biology,1.000,,
merge_review,1421,Science and international co-operation,2084,Science and international co-operation,1.000,,
merge_review,1424,"L' homme, cet inconnu",1662,"L'homme, cet inconnu",1.000,,
merge_review,1424,"L' homme, cet inconnu",1968,L'homme cet inconnu,1.000,,
merge_review,1425,Reflections on life,1759,Reflections on life,1.000,,
merge_review,2950,L' anaphylaxie,2994,L'anaphylaxie,1.000,,
merge_review,2952,L' homme et l'intelligence,3118,L'homme et l'intelligence,1.000,,
merge_review,2956,Physiologie des muscles et des nerfs,3001,Physiologie des muscles et des nerfs,1.000,,
merge_review,2957,Physiology and histology of the cerebral convolutions,2991,Physiology and histology of the cerebral convolutions,1.000,,
merge_review,2965,The natural history of a savant,3127,The natural history of a savant,1.000,,
merge_review,3271,Izbrannye trudy,4021,Izbrannye trudy,1.000,,
merge_review,1431,The comparative physiology of respiratory mechanisms,1758,The comparative physiology of respiratory mechanisms,1.000,,
merge_review,761,The comparative physiology of respiratory mechanisms,1431,The comparative physiology of respiratory mechanisms,1.000,,
merge_review,4037,Out of the night,4112,Out of the night,1.000,,
merge_review,4038,Studies in genetics,4231,Studies in genetics,1.000,,
merge_review,1436,Electronic biology and cancer,1681,Electronic biology and cancer,1.000,,
merge_review,4047,The spectroscopy of x-rays,4229,The spectroscopy of x-rays,1.000,,
merge_review,4050,Comparative endocrinology,4219,Comparative endocrinology,1.000,,
merge_review,4050,Comparative endocrinology,4443,Comparative endocrinology,1.000,,
merge_review,4051,Mechanisms of release of biogenic amines,4556,Mechanisms of Release of Biogenic Amines,1.000,,
merge_review,2980,Untersuchungen über den feineren Bau des centralen und peripherischen Nervensystems,3076,Untersuchungen über den feineren Bau des centralen und peripherischen Nervensystems,1.000,,
merge_review,4054,Recherches sur une propriété nouvelle de la matière,4126,Recherches sur une propriété nouvelle de la matière,1.000,,
merge_review,4064,The specificity of serological reactions,4169,The specificity of serological reactions,1.000,,
merge_review,1439,Einstein on Peace,1638,Einstein on peace,1.000,,
merge_review,1439,Einstein on Peace,1950,Einstein on Peace,1.000,,
merge_review,1439,Einstein on Peace,1954,Einstein on peace.,1.000,,
merge_review,1439,Einstein on Peace,2107,Einstein on peace,1.000,,
merge_review,4737,The interpretation of quantum mechanics,5042,The interpretation of quantum mechanics,1.000,,
merge_review,3551,Was ist ein Naturgesetz?,3832,Was ist ein Naturgesetz?,1.000,,
merge_review,3773,What Is Life?,5043,What Is Life?,1.000,,
merge_review,1442,Albert Einstein,1443,Albert Einstein,1.000,,
merge_review,1442,Albert Einstein,1819,Albert Einstein,1.000,,
merge_review,1442,Albert Einstein,1959,Albert Einstein,1.000,,
merge_review,1442,Albert Einstein,1961,Albert Einstein,1.000,,
merge_review,1443,Albert Einstein,1819,Albert Einstein,1.000,,
merge_review,1443,Albert Einstein,1959,Albert Einstein,1.000,,
merge_review,1443,Albert Einstein,1961,Albert Einstein,1.000,,
merge_review,1445,Albert Einsteins Relativitätstheorie,1894,Albert Einsteins Relativitätstheorie,1.000,,
merge_review,1448,Asi Lo Veo Yo,1449,Asi Lo veo yo,1.000,,
merge_review,1448,Asi Lo Veo Yo,1996,Asi Lo Veo Yo,1.000,,
merge_review,1449,Asi Lo veo yo,1996,Asi Lo Veo Yo,1.000,,
merge_review,1462,Über den Frieden,2076,Über den Frieden,1.000,,
merge_review,1503,Einstein's essays in science,1900,Einstein's Essays in Science,1.000,,
merge_review,1504,Einstein's Miraculous Year,1736,Einstein's miraculous year,1.000,,
merge_review,1504,Einstein's Miraculous Year,1856,Einstein's Miraculous Year,1.000,,
merge_review,1504,Einstein's Miraculous Year,2188,Einstein's Miraculous Year ,1.000,,
merge_review,1507,Erklärung der Perihelbewegung der Merkur aus der allgemeinen Relativitätstheorie,2095,Erklärung der Perihelbewegung der Merkur aus der allgemeinen Relativitätstheorie,1.000,,
merge_review,1509,Essays in Humanism,1632,Essays in humanism,1.000,,
merge_review,1509,Essays in Humanism,1788,Essays in humanism,1.000,,
merge_review,1509,Essays in Humanism,1812,Essays in Humanism,1.000,,
merge_review,1509,Essays in Humanism,1859,Essays in Humanism,1.000,,
merge_review,1509,Essays in Humanism,1888,Essays in Humanism,1.000,,
merge_review,1509,Essays in Humanism,1902,Essays in Humanism,1.000,,
merge_review,1509,Essays in Humanism,2033,Essays in Humanism,1.000,,
merge_review,1509,Essays in Humanism,2051,Essays in Humanism,1.000,,
merge_review,1510,Essential Einstein,1807,Essential Einstein,1.000,,
merge_review,1511,The evolution of physics from early concepts to relativity and quanta,1790,The Evolution of Physics: From Early Concepts to Relativity and Quanta,1.000,,
merge_review,1511,The evolution of physics from early concepts to relativity and quanta,1987,The Evolution of Physics From Early Concepts to Relativity and Quanta,1.000,,
merge_review,1511,The evolution of physics from early concepts to relativity and quanta,2061,The Evolution of Physics from Early Concepts to Relativity and Quanta,1.000,,
merge_review,1511,The evolution of physics from early concepts to relativity and quanta,2070,The evolution of physics from early concepts to relativity and quanta,1.000,,
merge_review,1518,Gelegentliches von Albert Einstein,2101,Gelegentliches von Albert Einstein,1.000,,
merge_review,1827,Ideas and Opinions,5048,Ideas and opinions,1.000,,
merge_review,1869,Ideas and opinions,5048,Ideas and opinions,1.000,,
merge_review,1526,Ideas and Opinions (Based on Mein Weltbild),1963,Ideas and opinions. Based on Mein Weltbild,1.000,,
merge_review,1529,Izafiyet teorisi,1881,Izafiyet Teorisi,1.000,,
merge_review,1534,La lucha contra la guerra,2118,La lucha contra la guerra,1.000,,
merge_review,1539,L' éther et la théorie de la relativité,2115,L'éther et la théorie de la relativité,1.000,,
merge_review,1542,The militarization of America,1818,The Militarization of America,1.000,,
merge_review,1565,Sobre la teoría de la relatividad especial y general,1882,Sobre la teoría de la relatividad especial y general,1.000,,
merge_review,1570,Sulla teoria speciale e generale della relatività (volgarizzazione),2100,Sulla teoria speciale e generale della relatività (volgarizzazione),1.000,,
merge_review,1587,Zur Theorie der Lichtfortpflanzung in dispergierenden Medien,2116,Zur Theorie der Lichtfortpflanzung in dispergierenden Medien,1.000,,
merge_review,1593,Bite-size Einstein,1896,Bite-Size Einstein,1.000,,
merge_review,1594,Collected Papers,3411,Collected Papers,1.000,,
merge_review,1594,Collected Papers,2347,Collected papers,1.000,,
merge_review,1594,Collected Papers,2463,Collected papers,1.000,,
merge_review,1607,Entwurf einer verallgemeinerten Relativitätstheorie und einer Theorie der Gravitation,1967,Entwurf einer verallgemeinerten Relativitätstheorie und einer Theorie der Gravitation,1.000,,
merge_review,1608,Essays in Physics,2067,Essays in physics,1.000,,
merge_review,1609,Este Es Mi Pueblo,2045,Este es mi pueblo,1.000,,
merge_review,1609,Este Es Mi Pueblo,2117,Este es mi pueblo,1.000,,
merge_review,1611,Geometrie und Erfahrung,2052,Geometrie und Erfahrung,1.000,,
merge_review,1612,Grundzüge der Relativitätstheorie,1783,Grundzüge der Relativitätstheorie,1.000,,
merge_review,1612,Grundzüge der Relativitätstheorie,1892,Grundzüge der Relativitätstheorie,1.000,,
merge_review,1627,Comment je vois le monde,1855,Comment je vois le monde,1.000,,
merge_review,1630,Die Grundlage der allgemeinen Relativitätstheorie,1974,Die Grundlage der allgemeinen Relativitätstheorie,1.000,,
merge_review,1632,Essays in humanism,1788,Essays in humanism,1.000,,
merge_review,1632,Essays in humanism,1812,Essays in Humanism,1.000,,
merge_review,1632,Essays in humanism,1859,Essays in Humanism,1.000,,
merge_review,1632,Essays in humanism,1888,Essays in Humanism,1.000,,
merge_review,1632,Essays in humanism,1902,Essays in Humanism,1.000,,
merge_review,1632,Essays in humanism,2033,Essays in Humanism,1.000,,
merge_review,1632,Essays in humanism,2051,Essays in Humanism,1.000,,
merge_review,1634,The principle of relativity,2146,The principle of relativity,1.000,,
merge_review,1638,Einstein on peace,1950,Einstein on Peace,1.000,,
merge_review,1638,Einstein on peace,1954,Einstein on peace.,1.000,,
merge_review,1638,Einstein on peace,2107,Einstein on peace,1.000,,
merge_review,1642,Warum Krieg?,2106,Warum Krieg?,1.000,,
merge_review,2135,The World as I See It,5054,The World as I See It,1.000,,
merge_review,2140,The World as I See It,5054,The World as I See It,1.000,,
merge_review,1647,Studies in optics,1667,Studies in optics,1.000,,
merge_review,1647,Studies in optics,1723,Studies in optics,1.000,,
merge_review,1647,Studies in optics,1747,Studies in optics,1.000,,
merge_review,1647,Studies in optics,1748,Studies in optics,1.000,,
merge_review,1647,Studies in optics,1763,Studies in optics,1.000,,
merge_review,1750,Light waves and their uses,5055,Light waves and their uses,1.000,,
merge_review,1839,Light Waves and Their Uses,5055,Light waves and their uses,1.000,,
merge_review,4067,Bibliography on the genetics of Drosophila,4180,Bibliography on the genetics of Drosophila,1.000,,
merge_review,4073,Science in society,4761,Science in society,1.000,,
merge_review,4081,Radioactivity and radioactive substances,4331,Radioactivity and radioactive substances,1.000,,
merge_review,4081,Radioactivity and radioactive substances,4483,Radioactivity and Radioactive Substances,1.000,,
merge_review,2020,Sobranie nauchnykh trudov,4085,Sobranie nauchnykh trudov,1.000,,
merge_review,1649,The culture of organs,2087,The culture of organs,1.000,,
merge_review,1658,The voyage to Lourdes,1762,The voyage to Lourdes,1.000,,
merge_review,1660,The treatment of infected wounds,1716,The treatment of infected wounds,1.000,,
merge_review,1660,The treatment of infected wounds,1732,The treatment of infected wounds,1.000,,
merge_review,1661,Prayer,2081,Prayer,1.000,,
merge_review,1662,"L'homme, cet inconnu",1968,L'homme cet inconnu,1.000,,
merge_review,9,Nuclear Structure,836,Nuclear Structure,1.000,,
merge_review,1667,Studies in optics,1723,Studies in optics,1.000,,
merge_review,1667,Studies in optics,1747,Studies in optics,1.000,,
merge_review,1667,Studies in optics,1748,Studies in optics,1.000,,
merge_review,1667,Studies in optics,1763,Studies in optics,1.000,,
merge_review,4090,Noradrenaline,4744,Noradrenaline,1.000,,
merge_review,1669,Relativity: The Special and General Theory,1835,Relativity : the Special and General Theory,1.000,,
merge_review,1669,Relativity: The Special and General Theory,1889,Relativity the Special and General Theory,1.000,,
merge_review,1669,Relativity: The Special and General Theory,1944,Relativity the Special and General Theory,1.000,,
merge_review,4091,Molecular forces,4098,Molecular forces,1.000,,
merge_review,4097,BETA AND GAMMA RAY SPECTROSCOPY,4128,Beta- and gamma-ray spectroscopy.,1.000,,
merge_review,757,Bioenergetics,1672,Bioenergetics,1.000,,
merge_review,3276,Untersuchungen über Kohlenhydrate und Fermente.,3312,Untersuchungen über kohlenhydrate und fermente ...,1.000,,
merge_review,3283,Anleitung zur darstellung organischer präparate,3392,Anleitung zur Darstellung organischer Präparate,1.000,,
merge_review,1675,Alcoholic fermentation.,1745,Alcoholic fermentation,1.000,,
merge_review,3293,Gesammelte Abhandlungen zur ätiologischen Therapie von ansteckenden Krankheiten,3298,Gesammelte abhandlungen zur ätiologischen therapie von ansteckenden krankheiten,1.000,,
merge_review,1693,Die Evolution der Physik,1782,Die Evolution der Physik,1.000,,
merge_review,1703,L'évolution des idées en physique,1828,L' évolution des idées en physique.,1.000,,
merge_review,686,Why War?,1715,Why war?,1.000,,
merge_review,1716,The treatment of infected wounds,1732,The treatment of infected wounds,1.000,,
merge_review,3583,Money versus man,3641,Money versus man,1.000,,
merge_review,3640,"Wealth, virtual wealth and debt",5062,"Wealth, Virtual Wealth and Debt",1.000,,
merge_review,3589,The interpretation of radium and the structure of the atom,3612,"The interpretation of radium, and the structure of the atom",1.000,,
merge_review,3590,Radio-activity,5106,Radio-activity,1.000,,
merge_review,2986,Advances in Protein Chemistry,3006,Advances in Protein Chemistry,1.000,,
merge_review,2986,Advances in Protein Chemistry,3007,Advances in Protein Chemistry,1.000,,
merge_review,2986,Advances in Protein Chemistry,3073,Advances in Protein Chemistry,1.000,,
merge_review,3305,Beyond the age of waste,3321,Beyond the age of waste,1.000,,
merge_review,4105,"Scienza, vita e avventura",4394,"Scienza, vita e avventura",1.000,,
merge_review,4110,The modern concept of nature,4225,The modern concept of nature,1.000,,
merge_review,1723,Studies in optics,1747,Studies in optics,1.000,,
merge_review,1723,Studies in optics,1748,Studies in optics,1.000,,
merge_review,1723,Studies in optics,1763,Studies in optics,1.000,,
merge_review,3591,Principles of neural science,3593,Principles of neural science,1.000,,
merge_review,3591,Principles of neural science,3598,Principles of neural science,1.000,,
merge_review,3591,Principles of neural science,3637,Principles of neural science,1.000,,
merge_review,3591,Principles of neural science,3644,Principles of neural science,1.000,,
merge_review,3591,Principles of neural science,3645,Principles of neural science,1.000,,
merge_review,3591,Principles of neural science,3648,Principles of neural science,1.000,,
merge_review,3591,Principles of neural science,3661,Principles of neural science.,1.000,,
merge_review,3591,Principles of neural science,3666,Principles of neural science,1.000,,
merge_review,3593,Principles of neural science,3598,Principles of neural science,1.000,,
merge_review,3593,Principles of neural science,3637,Principles of neural science,1.000,,
merge_review,3593,Principles of neural science,3644,Principles of neural science,1.000,,
merge_review,3593,Principles of neural science,3645,Principles of neural science,1.000,,
merge_review,3593,Principles of neural science,3648,Principles of neural science,1.000,,
merge_review,3593,Principles of neural science,3661,Principles of neural science.,1.000,,
merge_review,3593,Principles of neural science,3666,Principles of neural science,1.000,,
merge_review,1726,Experimental determination of the velocity of light,1746,Experimental determination of the velocity of light,1.000,,
merge_review,1726,Experimental determination of the velocity of light,1906,Experimental Determination of the Velocity of Light,1.000,,
merge_review,1729,"Supplementary measures of the velocities of white and colored light in air, water, and carbon disulphide",2073,"Supplementary measures of the velocities of white and colored light in air, water, and carbon disulphide",1.000,,
merge_review,4117,Bioluminescence,4407,Bioluminescence,1.000,,
merge_review,4119,Inflammation,4295,Inflammation,1.000,,
merge_review,3595,The language of life,3604,The language of life,1.000,,
merge_review,3595,The language of life,3642,The language of life,1.000,,
merge_review,4124,Encyclopedia of human biology,4226,Encyclopedia of human biology,1.000,,
merge_review,4125,La mappa della vita,4141,La mappa della vita,1.000,,
merge_review,3597,Auf der Suche nach dem Gedächtnis,3739,Auf der Suche nach dem Gedächtnis,1.000,,
merge_review,3598,Principles of neural science,3637,Principles of neural science,1.000,,
merge_review,3598,Principles of neural science,3644,Principles of neural science,1.000,,
merge_review,3598,Principles of neural science,3645,Principles of neural science,1.000,,
merge_review,3598,Principles of neural science,3648,Principles of neural science,1.000,,
merge_review,3598,Principles of neural science,3661,Principles of neural science.,1.000,,
merge_review,3598,Principles of neural science,3666,Principles of neural science,1.000,,
merge_review,4130,Advances in genetics,4132,Advances in genetics,1.000,,
merge_review,4130,Advances in genetics,4134,Advances in genetics,1.000,,
merge_review,4130,Advances in genetics,4135,Advances in genetics,1.000,,
merge_review,4130,Advances in genetics,4136,Advances in genetics,1.000,,
merge_review,4130,Advances in genetics,4140,Advances in genetics,1.000,,
merge_review,4130,Advances in genetics,4237,Advances in genetics,1.000,,
merge_review,4130,Advances in genetics,4258,Advances in genetics,1.000,,
merge_review,4130,Advances in genetics,4260,Advances in genetics,1.000,,
merge_review,4130,Advances in genetics,4270,Advances in genetics,1.000,,
merge_review,4130,Advances in genetics,4282,Advances in genetics,1.000,,
merge_review,4130,Advances in genetics,4380,Advances in genetics,1.000,,
merge_review,3347,Molecules and Medicine,5068,Molecules and medicine,1.000,,
merge_review,4131,Superconductivity,4318,Superconductivity,1.000,,
merge_review,4132,Advances in genetics,4134,Advances in genetics,1.000,,
merge_review,4132,Advances in genetics,4135,Advances in genetics,1.000,,
merge_review,4132,Advances in genetics,4136,Advances in genetics,1.000,,
merge_review,4132,Advances in genetics,4140,Advances in genetics,1.000,,
merge_review,4132,Advances in genetics,4237,Advances in genetics,1.000,,
merge_review,4132,Advances in genetics,4258,Advances in genetics,1.000,,
merge_review,4132,Advances in genetics,4260,Advances in genetics,1.000,,
merge_review,4132,Advances in genetics,4270,Advances in genetics,1.000,,
merge_review,4132,Advances in genetics,4282,Advances in genetics,1.000,,
merge_review,4132,Advances in genetics,4380,Advances in genetics,1.000,,
merge_review,4134,Advances in genetics,4135,Advances in genetics,1.000,,
merge_review,4134,Advances in genetics,4136,Advances in genetics,1.000,,
merge_review,4134,Advances in genetics,4140,Advances in genetics,1.000,,
merge_review,4134,Advances in genetics,4237,Advances in genetics,1.000,,
merge_review,4134,Advances in genetics,4258,Advances in genetics,1.000,,
merge_review,4134,Advances in genetics,4260,Advances in genetics,1.000,,
merge_review,4134,Advances in genetics,4270,Advances in genetics,1.000,,
merge_review,4134,Advances in genetics,4282,Advances in genetics,1.000,,
merge_review,4134,Advances in genetics,4380,Advances in genetics,1.000,,
merge_review,1736,Einstein's miraculous year,1856,Einstein's Miraculous Year,1.000,,
merge_review,1736,Einstein's miraculous year,2188,Einstein's Miraculous Year ,1.000,,
merge_review,4135,Advances in genetics,4136,Advances in genetics,1.000,,
merge_review,4135,Advances in genetics,4140,Advances in genetics,1.000,,
merge_review,4135,Advances in genetics,4237,Advances in genetics,1.000,,
merge_review,4135,Advances in genetics,4258,Advances in genetics,1.000,,
merge_review,4135,Advances in genetics,4260,Advances in genetics,1.000,,
merge_review,4135,Advances in genetics,4270,Advances in genetics,1.000,,
merge_review,4135,Advances in genetics,4282,Advances in genetics,1.000,,
merge_review,4135,Advances in genetics,4380,Advances in genetics,1.000,,
merge_review,4136,Advances in genetics,4140,Advances in genetics,1.000,,
merge_review,4136,Advances in genetics,4237,Advances in genetics,1.000,,
merge_review,4136,Advances in genetics,4258,Advances in genetics,1.000,,
merge_review,4136,Advances in genetics,4260,Advances in genetics,1.000,,
merge_review,4136,Advances in genetics,4270,Advances in genetics,1.000,,
merge_review,4136,Advances in genetics,4282,Advances in genetics,1.000,,
merge_review,4136,Advances in genetics,4380,Advances in genetics,1.000,,
merge_review,4137,"Advances in genetics, volume 32, 1995-",4139,"Advances in genetics, volume 32, 1995-",1.000,,
merge_review,4140,Advances in genetics,4237,Advances in genetics,1.000,,
merge_review,4140,Advances in genetics,4258,Advances in genetics,1.000,,
merge_review,4140,Advances in genetics,4260,Advances in genetics,1.000,,
merge_review,4140,Advances in genetics,4270,Advances in genetics,1.000,,
merge_review,4140,Advances in genetics,4282,Advances in genetics,1.000,,
merge_review,4140,Advances in genetics,4380,Advances in genetics,1.000,,
merge_review,3602,Advances in Pharmacology,3667,Advances in pharmacology,1.000,,
merge_review,3602,Advances in Pharmacology,3686,Advances in Pharmacology,1.000,,
merge_review,3602,Advances in Pharmacology,3687,Advances in Pharmacology,1.000,,
merge_review,3604,The language of life,3642,The language of life,1.000,,
merge_review,4143,Die Chemie des Pyrrols,4176,Die Chemie des Pyrrols,1.000,,
merge_review,4143,Die Chemie des Pyrrols,4193,Die Chemie des pyrrols ...,1.000,,
merge_review,1742,Einstein on Politics,1808,Einstein on Politics,1.000,,
merge_review,810,Physiologie;,2995,Physiologie,1.000,,
merge_review,1746,Experimental determination of the velocity of light,1906,Experimental Determination of the Velocity of Light,1.000,,
merge_review,4170,My Life in Science,4758,My Life in Science,1.000,,
merge_review,2997,Advances in Prostaglandin and Thromboxane Research,3199,Advances in Prostaglandin and Thromboxane Research,1.000,,
merge_review,1747,Studies in optics,1748,Studies in optics,1.000,,
merge_review,1747,Studies in optics,1763,Studies in optics,1.000,,
merge_review,1748,Studies in optics,1763,Studies in optics,1.000,,
merge_review,1750,Light waves and their uses,1839,Light Waves and Their Uses,1.000,,
merge_review,1751,Einstein,2054,Einstein,1.000,,
merge_review,1751,Einstein,2077,Einstein,1.000,,
merge_review,4176,Die Chemie des Pyrrols,4193,Die Chemie des pyrrols ...,1.000,,
merge_review,2999,La chaleur animale,3002,La chaleur animale,1.000,,
merge_review,3621,Leçon inaugurale,4350,Leçon inaugurale,1.000,,
merge_review,4197,Astrofizika kosmicheskikh lucheĭ,4209,Astrofizika kosmicheskikh lucheĭ,1.000,,
merge_review,4197,Astrofizika kosmicheskikh lucheĭ,4300,Astrofizika kosmicheskikh lucheĭ,1.000,,
merge_review,3634,Parallel models of associative memory,3710,Parallel models of associative memory,1.000,,
merge_review,4209,Astrofizika kosmicheskikh lucheĭ,4300,Astrofizika kosmicheskikh lucheĭ,1.000,,
merge_review,1756,Man's destiny in eternity,5079,Man's destiny in eternity,1.000,,
merge_review,3636,Genetics and modern biology,3891,Genetics and modern biology.,1.000,,
merge_review,4219,Comparative endocrinology,4443,Comparative endocrinology,1.000,,
merge_review,3637,Principles of neural science,3644,Principles of neural science,1.000,,
merge_review,3637,Principles of neural science,3645,Principles of neural science,1.000,,
merge_review,3637,Principles of neural science,3648,Principles of neural science,1.000,,
merge_review,3637,Principles of neural science,3661,Principles of neural science.,1.000,,
merge_review,3637,Principles of neural science,3666,Principles of neural science,1.000,,
merge_review,3006,Advances in Protein Chemistry,3007,Advances in Protein Chemistry,1.000,,
merge_review,3006,Advances in Protein Chemistry,3073,Advances in Protein Chemistry,1.000,,
merge_review,3638,Symmetries and reflections,3760,Symmetries and reflections,1.000,,
merge_review,761,The comparative physiology of respiratory mechanisms,1758,The comparative physiology of respiratory mechanisms,1.000,,
merge_review,4220,101+ great ideas for introducing key concepts in mathematics,4326,101+ Great Ideas for Introducing Key Concepts in Mathematics,1.000,,
merge_review,3325,Perspectives in biological chemistry,3352,Perspectives in biological chemistry,1.000,,
merge_review,3007,Advances in Protein Chemistry,3073,Advances in Protein Chemistry,1.000,,
merge_review,4222,The conservation of orbital symmetry,4747,The conservation of orbital symmetry,1.000,,
merge_review,3327,Thermodynamics,3414,Thermodynamics.,1.000,,
merge_review,3009,Human physiology,3023,Human physiology,1.000,,
merge_review,3009,Human physiology,3024,Human physiology,1.000,,
merge_review,3328,Notes on quantum mechanics,3413,Notes on quantum mechanics,1.000,,
merge_review,3329,"Molecules, crystals, and quantum statistics",3408,"Molecules, crystals, and quantum statistics",1.000,,
merge_review,1761,Enzymatic synthesis of DNA,2012,Enzymatic synthesis of DNA.,1.000,,
merge_review,4234,"O nauke, o sebe i o drugikh",4303,"O nauke, o sebe i o drugikh",1.000,,
merge_review,4237,Advances in genetics,4258,Advances in genetics,1.000,,
merge_review,4237,Advances in genetics,4260,Advances in genetics,1.000,,
merge_review,4237,Advances in genetics,4270,Advances in genetics,1.000,,
merge_review,4237,Advances in genetics,4282,Advances in genetics,1.000,,
merge_review,4237,Advances in genetics,4380,Advances in genetics,1.000,,
merge_review,3644,Principles of neural science,3645,Principles of neural science,1.000,,
merge_review,3644,Principles of neural science,3648,Principles of neural science,1.000,,
merge_review,3644,Principles of neural science,3661,Principles of neural science.,1.000,,
merge_review,3644,Principles of neural science,3666,Principles of neural science,1.000,,
merge_review,3645,Principles of neural science,3648,Principles of neural science,1.000,,
merge_review,3645,Principles of neural science,3661,Principles of neural science.,1.000,,
merge_review,3645,Principles of neural science,3666,Principles of neural science,1.000,,
merge_review,3646,Molecular neurobiology in neurology and psychiatry,3647,Molecular neurobiology in neurology and psychiatry,1.000,,
merge_review,3648,Principles of neural science,3661,Principles of neural science.,1.000,,
merge_review,3648,Principles of neural science,3666,Principles of neural science,1.000,,
merge_review,3658,Essentials of neural science and behavior,3664,Essentials of neural science and behavior,1.000,,
merge_review,4258,Advances in genetics,4260,Advances in genetics,1.000,,
merge_review,4258,Advances in genetics,4270,Advances in genetics,1.000,,
merge_review,4258,Advances in genetics,4282,Advances in genetics,1.000,,
merge_review,4258,Advances in genetics,4380,Advances in genetics,1.000,,
merge_review,4260,Advances in genetics,4270,Advances in genetics,1.000,,
merge_review,4260,Advances in genetics,4282,Advances in genetics,1.000,,
merge_review,4260,Advances in genetics,4380,Advances in genetics,1.000,,
merge_review,3661,Principles of neural science.,3666,Principles of neural science,1.000,,
merge_review,3018,Prostaglandins and related compounds,3200,Prostaglandins and Related Compounds,1.000,,
merge_review,15,Femtochemistry,36,Femtochemistry,1.000,,
merge_review,4270,Advances in genetics,4282,Advances in genetics,1.000,,
merge_review,4270,Advances in genetics,4380,Advances in genetics,1.000,,
merge_review,3667,Advances in pharmacology,3686,Advances in Pharmacology,1.000,,
merge_review,3667,Advances in pharmacology,3687,Advances in Pharmacology,1.000,,
merge_review,4277,A universe of consciousness,4563,A universe of consciousness,1.000,,
merge_review,4280,Electrostatic accelerators,4291,Electrostatic Accelerators,1.000,,
merge_review,1783,Grundzüge der Relativitätstheorie,1892,Grundzüge der Relativitätstheorie,1.000,,
merge_review,4282,Advances in genetics,4380,Advances in genetics,1.000,,
merge_review,1784,Relativity,1785,Relativity,1.000,,
merge_review,1784,Relativity,1797,Relativity,1.000,,
merge_review,1784,Relativity,1805,Relativity,1.000,,
merge_review,1784,Relativity,1861,Relativity,1.000,,
merge_review,1784,Relativity,1915,Relativity,1.000,,
merge_review,1784,Relativity,1941,Relativity,1.000,,
merge_review,1784,Relativity,2025,Relativity,1.000,,
merge_review,1784,Relativity,2035,Relativity,1.000,,
merge_review,1784,Relativity,2136,Relativity,1.000,,
merge_review,1785,Relativity,1797,Relativity,1.000,,
merge_review,1785,Relativity,1805,Relativity,1.000,,
merge_review,1785,Relativity,1861,Relativity,1.000,,
merge_review,1785,Relativity,1915,Relativity,1.000,,
merge_review,1785,Relativity,1941,Relativity,1.000,,
merge_review,1785,Relativity,2025,Relativity,1.000,,
merge_review,1785,Relativity,2035,Relativity,1.000,,
merge_review,1785,Relativity,2136,Relativity,1.000,,
merge_review,3672,"Vier Vorlesungen Über Wellenmechanik, Gehalten an der Royal Institution in London im März 1928",3695,"Vier Vorlesungen Über Wellenmechanik, Gehalten an der Royal Institution in London im März 1928",1.000,,
merge_review,3673,Longing for the harmonies,3847,Longing for the harmonies,1.000,,
merge_review,3336,Elementary particles,5090,Elementary Particles,1.000,,
merge_review,1788,Essays in humanism,1812,Essays in Humanism,1.000,,
merge_review,1788,Essays in humanism,1859,Essays in Humanism,1.000,,
merge_review,1788,Essays in humanism,1888,Essays in Humanism,1.000,,
merge_review,1788,Essays in humanism,1902,Essays in Humanism,1.000,,
merge_review,1788,Essays in humanism,2033,Essays in Humanism,1.000,,
merge_review,1788,Essays in humanism,2051,Essays in Humanism,1.000,,
merge_review,3674,Reductionism in art and brain science,3679,Reductionism in Art and Brain Science,1.000,,
merge_review,3674,Reductionism in art and brain science,3696,Reductionism in Art and Brain Science,1.000,,
merge_review,3678,Chemical Analysis by X-Rays and Its Applications.,3883,Chemical analysis by X-rays and its applications,1.000,,
merge_review,1790,The Evolution of Physics: From Early Concepts to Relativity and Quanta,1987,The Evolution of Physics From Early Concepts to Relativity and Quanta,1.000,,
merge_review,1790,The Evolution of Physics: From Early Concepts to Relativity and Quanta,2061,The Evolution of Physics from Early Concepts to Relativity and Quanta,1.000,,
merge_review,1790,The Evolution of Physics: From Early Concepts to Relativity and Quanta,2070,The evolution of physics from early concepts to relativity and quanta,1.000,,
merge_review,3679,Reductionism in Art and Brain Science,3696,Reductionism in Art and Brain Science,1.000,,
merge_review,4285,"Field Theory, Disorder and Simulations",4287,"Field theory, disorder and simulations",1.000,,
merge_review,1796,RNA Interference Technology,1858,RNA Interference Technology,1.000,,
merge_review,1797,Relativity,1805,Relativity,1.000,,
merge_review,1797,Relativity,1861,Relativity,1.000,,
merge_review,1797,Relativity,1915,Relativity,1.000,,
merge_review,1797,Relativity,1941,Relativity,1.000,,
merge_review,1797,Relativity,2025,Relativity,1.000,,
merge_review,1797,Relativity,2035,Relativity,1.000,,
merge_review,1797,Relativity,2136,Relativity,1.000,,
merge_review,1801,Mis ideas y opiniones,1895,Mis ideas y opiniones,1.000,,
merge_review,4324,Rasprostranenie ėlektromagnitnykh voln v plazme,4500,Rasprostranenie ėlektromagnitnykh voln v plazme,1.000,,
merge_review,4325,O fizike i astrofizike,4573,O fizike i astrofizike,1.000,,
merge_review,3686,Advances in Pharmacology,3687,Advances in Pharmacology,1.000,,
merge_review,4331,Radioactivity and radioactive substances,4483,Radioactivity and Radioactive Substances,1.000,,
merge_review,1805,Relativity,1861,Relativity,1.000,,
merge_review,1805,Relativity,1915,Relativity,1.000,,
merge_review,1805,Relativity,1941,Relativity,1.000,,
merge_review,1805,Relativity,2025,Relativity,1.000,,
merge_review,1805,Relativity,2035,Relativity,1.000,,
merge_review,1805,Relativity,2136,Relativity,1.000,,
merge_review,4340,Second Nature,4569,Second nature,1.000,,
merge_review,3023,Human physiology,3024,Human physiology,1.000,,
merge_review,3708,Selected papers,4645,Selected papers,1.000,,
merge_review,4362,Einführung in die Plasmaphysik und ihre technische Anwendung,4365,Einführung in die Plasmaphysik und ihre technische Anwendung,1.000,,
merge_review,1812,Essays in Humanism,1859,Essays in Humanism,1.000,,
merge_review,1812,Essays in Humanism,1888,Essays in Humanism,1.000,,
merge_review,1812,Essays in Humanism,1902,Essays in Humanism,1.000,,
merge_review,1812,Essays in Humanism,2033,Essays in Humanism,1.000,,
merge_review,1812,Essays in Humanism,2051,Essays in Humanism,1.000,,
merge_review,1819,Albert Einstein,1959,Albert Einstein,1.000,,
merge_review,1819,Albert Einstein,1961,Albert Einstein,1.000,,
merge_review,4372,The electromotive force of iron under varying conditions,4798,The electromotive force of iron under varying conditions,1.000,,
merge_review,4374,New method for determining compressibility,4799,New method for determining compressibility.,1.000,,
merge_review,4375,A revision of the atomic weights of sodium and chlorine,4800,A revision of the atomic weights of sodium and chlorine,1.000,,
merge_review,3030,Bernardo A. Houssay,3031,Bernardo A. Houssay,1.000,,
merge_review,3713,Memory,3871,Memory,1.000,,
merge_review,1827,Ideas and Opinions,1869,Ideas and opinions,1.000,,
merge_review,3358,From x-rays to quarks,3459,From x-rays to quarks,1.000,,
merge_review,1835,Relativity : the Special and General Theory,1889,Relativity the Special and General Theory,1.000,,
merge_review,1835,Relativity : the Special and General Theory,1944,Relativity the Special and General Theory,1.000,,
merge_review,1838,"Biochemistry at Stanford, Biotechnology at DNAX",2003,"Biochemistry at Stanford, Biotechnology at DNAX",1.000,,
merge_review,3039,The decline and fall of prospect hill,3156,The decline and fall of Prospect Hill,1.000,,
merge_review,3061,"South Pacific expedition to the New Hebrides and to the Fore, Kukukuku, and Genatei peoples of New Guinea, January 26, 1967 to May 12, 1967",3110,"South Pacific expedition to the New Hebrides and to the Fore, Kukukuku and Genatei peoples of New Guinea, January 26, 1967 to May 12, 1967",1.000,,
merge_review,3071,Melanesian journal,3181,Melanesian journal,1.000,,
merge_review,1852,Adventures in Biophysics,2157,Adventures in biophysics,1.000,,
merge_review,1856,Einstein's Miraculous Year,2188,Einstein's Miraculous Year ,1.000,,
merge_review,1859,Essays in Humanism,1888,Essays in Humanism,1.000,,
merge_review,1859,Essays in Humanism,1902,Essays in Humanism,1.000,,
merge_review,1859,Essays in Humanism,2033,Essays in Humanism,1.000,,
merge_review,1859,Essays in Humanism,2051,Essays in Humanism,1.000,,
merge_review,3733,"Psychiatry, Psychoanalysis, and the New Biology of Mind",3897,"Psychiatry, Psychoanalysis, And The New Biology Of Mind",1.000,,
merge_review,1861,Relativity,1915,Relativity,1.000,,
merge_review,1861,Relativity,1941,Relativity,1.000,,
merge_review,1861,Relativity,2025,Relativity,1.000,,
merge_review,1861,Relativity,2035,Relativity,1.000,,
merge_review,1861,Relativity,2136,Relativity,1.000,,
merge_review,1863,Na Teoria Da Relatividade Especial e Geral,2030,Na Teoria Da Relatividade Especial e Geral,1.000,,
merge_review,1876,Fizigin Evrimi,1879,Fizigin Evrimi,1.000,,
merge_review,1885,Essays in Science,2183,Essays in Science,1.000,,
merge_review,1886,Einstein Relativity Happiest Thought,2063,Einstein Relativity Happiest Thought,1.000,,
merge_review,4410,Diatomic Molecules,4695,Diatomic molecules,1.000,,
merge_review,4411,Polyatomic Molecules,4697,Polyatomic molecules,1.000,,
merge_review,1888,Essays in Humanism,1902,Essays in Humanism,1.000,,
merge_review,1888,Essays in Humanism,2033,Essays in Humanism,1.000,,
merge_review,1888,Essays in Humanism,2051,Essays in Humanism,1.000,,
merge_review,1889,Relativity the Special and General Theory,1944,Relativity the Special and General Theory,1.000,,
merge_review,4412,Hydroboration,4754,Hydroboration,1.000,,
merge_review,3761,Infectious Diseases,3762,Infectious Diseases,1.000,,
merge_review,711,The Character of Physical Law,3763,The character of physical law,1.000,,
merge_review,1897,Einstein Relativity,1942,Einstein Relativity,1.000,,
merge_review,3369,Notes on Thermodynamics and Statistics,3405,Notes on Thermodynamics and Statistics,1.000,,
merge_review,3369,Notes on Thermodynamics and Statistics,3409,Notes on thermodynamics and statistics.,1.000,,
merge_review,1902,Essays in Humanism,2033,Essays in Humanism,1.000,,
merge_review,1902,Essays in Humanism,2051,Essays in Humanism,1.000,,
merge_review,1908,"Optics and Laser Spectroscopy, Bell Telephone Laboratories, 1951-1961, and Stanford University Since 1961",2181,"Optics and laser spectroscopy, Bell Telephone Laboratories, 1951-1961, and Stanford University since 1961",1.000,,
merge_review,1915,Relativity,1941,Relativity,1.000,,
merge_review,1915,Relativity,2025,Relativity,1.000,,
merge_review,1915,Relativity,2035,Relativity,1.000,,
merge_review,1915,Relativity,2136,Relativity,1.000,,
merge_review,1916,Sur la Théorie de la Relativité Restreinte et Générale,2032,Sur la Théorie de la Relativité Restreinte et Générale,1.000,,
merge_review,1917,Mental Radio,2027,Mental Radio,1.000,,
merge_review,1921,Special and General Relativity (Concise Edition),1991,Special and General Relativity (Concise Edition),1.000,,
merge_review,1940,Theory of Relativity,2034,Theory of Relativity,1.000,,
merge_review,1941,Relativity,2025,Relativity,1.000,,
merge_review,1941,Relativity,2035,Relativity,1.000,,
merge_review,1941,Relativity,2136,Relativity,1.000,,
merge_review,1950,Einstein on Peace,1954,Einstein on peace.,1.000,,
merge_review,1950,Einstein on Peace,2107,Einstein on peace,1.000,,
merge_review,1954,Einstein on peace.,2107,Einstein on peace,1.000,,
merge_review,1955,"The Evolution Of Physics, The Growth of Ideas from Early Concepts to Relativity and Quanta",1975,The evolution of physics; the growth of ideas from early concepts to relativity and quanta,1.000,,
merge_review,4442,Prostaglandins,4746,Prostaglandins,1.000,,
merge_review,1959,Albert Einstein,1961,Albert Einstein,1.000,,
merge_review,3372,Harvey Lectures,4811,Harvey Lectures,1.000,,
merge_review,1979,L'insuffisance cardiaque chronique,2099,L'insuffisance cardiaque chronique,1.000,,
merge_review,1990,The Human Meaning of Science,5089,The human meaning of science,1.000,,
merge_review,1987,The Evolution of Physics From Early Concepts to Relativity and Quanta,2061,The Evolution of Physics from Early Concepts to Relativity and Quanta,1.000,,
merge_review,1987,The Evolution of Physics From Early Concepts to Relativity and Quanta,2070,The evolution of physics from early concepts to relativity and quanta,1.000,,
merge_review,2019,Evolution of Physics,2050,Evolution Of Physics,1.000,,
merge_review,4506,The constitution of sugars,4787,The constitution of sugars.,1.000,,
merge_review,2025,Relativity,2035,Relativity,1.000,,
merge_review,2025,Relativity,2136,Relativity,1.000,,
merge_review,4511,Selected Works of Professor Herbert Kroemer,4553,Selected works of Professor Herbert Kroemer,1.000,,
merge_review,2033,Essays in Humanism,2051,Essays in Humanism,1.000,,
merge_review,2035,Relativity,2136,Relativity,1.000,,
merge_review,2045,Este es mi pueblo,2117,Este es mi pueblo,1.000,,
merge_review,2047,E (EINSTEIN) = MC2,2098,E (EINSTEIN) = MC2,1.000,,
merge_review,3405,Notes on Thermodynamics and Statistics,3409,Notes on thermodynamics and statistics.,1.000,,
merge_review,2347,Collected papers,3411,Collected Papers,1.000,,
merge_review,2463,Collected papers,3411,Collected Papers,1.000,,
merge_review,4533,Life of a Scientist,4696,Life of a scientist,1.000,,
merge_review,2054,Einstein,2077,Einstein,1.000,,
merge_review,2061,The Evolution of Physics from Early Concepts to Relativity and Quanta,2070,The evolution of physics from early concepts to relativity and quanta,1.000,,
merge_review,2069,Über die spezielle und die allgemeine Relativitätstheorie (gemeinverständlich),2112,Über die spezielle und die allgemeine Relativitätstheorie (Gemeinverständlich),1.000,,
merge_review,248,Quantum Mechanics,4552,Quantum mechanics,1.000,,
merge_review,3105,Advances in Prostaglandin Thromboxane and Leukotriene Research,3198,"Advances in Prostaglandin, Thromboxane, and Leukotriene Research",1.000,,
merge_review,160,neural Darwinism,4560,Neural Darwinism,1.000,,
merge_review,2530,Harvard University,4603,Harvard University,1.000,,
merge_review,2135,The World as I See It,2140,The World as I See It,1.000,,
merge_review,2799,La Sélection Humaine,3187,La sélection humaine,1.000,,
merge_review,3189,Hepatitis B,3196,Hepatitis B,1.000,,
merge_review,37,Voyage through time,41,Voyage Through Time,1.000,,
merge_review,2166,First and last experiments in muscle mechanics,2193,First and last experiments in muscle mechanics,1.000,,
merge_review,2167,Trails and trials in physiology,2194,Trails and trials in physiology,1.000,,
merge_review,3457,Die großen Physiker und ihre Entdeckungen,3458,Die großen Physiker und ihre Entdeckungen,1.000,,
merge_review,54,Continu et discontinu en physique moderne,78,Continu et discontinu en physique moderne,1.000,,
merge_review,144,General theory of relativity,2693,General Theory of Relativity,1.000,,
merge_review,238,Apparatus Employed in Wireless Telegraphy,239,Apparatus Employed in Wireless Telegraphy,1.000,,
merge_review,238,Apparatus Employed in Wireless Telegraphy,242,Apparatus Employed in Wireless Telegraphy,1.000,,
merge_review,238,Apparatus Employed in Wireless Telegraphy,243,Apparatus Employed in Wireless Telegraphy,1.000,,
merge_review,239,Apparatus Employed in Wireless Telegraphy,242,Apparatus Employed in Wireless Telegraphy,1.000,,
merge_review,239,Apparatus Employed in Wireless Telegraphy,243,Apparatus Employed in Wireless Telegraphy,1.000,,
merge_review,242,Apparatus Employed in Wireless Telegraphy,243,Apparatus Employed in Wireless Telegraphy,1.000,,
merge_review,269,The Thompson Yates Laboratories Report,270,The Thompson Yates Laboratories Report,1.000,,
merge_review,269,The Thompson Yates Laboratories Report,271,The Thompson Yates Laboratories Report,1.000,,
merge_review,269,The Thompson Yates Laboratories Report,272,The Thompson Yates Laboratories Report,1.000,,
merge_review,270,The Thompson Yates Laboratories Report,271,The Thompson Yates Laboratories Report,1.000,,
merge_review,270,The Thompson Yates Laboratories Report,272,The Thompson Yates Laboratories Report,1.000,,
merge_review,271,The Thompson Yates Laboratories Report,272,The Thompson Yates Laboratories Report,1.000,,
merge_review,665,Lectures on Quantum Mechanics,2786,Lectures on Quantum Mechanics,1.000,,
merge_review,667,La Pensée et l'Action,867,La Pensée et l’Action,1.000,,
merge_review,736,The development of the frog's egg; an introduction to experimental embryology,767,The development of the frog's egg: an introduction to experimental embryology,1.000,,
merge_review,739,Physiology and biochemistry in modern medicine,740,Physiology and biochemistry in modern medicine,1.000,,
merge_review,739,Physiology and biochemistry in modern medicine,741,Physiology and biochemistry in modern medicine,1.000,,
merge_review,739,Physiology and biochemistry in modern medicine,742,Physiology and biochemistry in modern medicine,1.000,,
merge_review,740,Physiology and biochemistry in modern medicine,741,Physiology and biochemistry in modern medicine,1.000,,
merge_review,740,Physiology and biochemistry in modern medicine,742,Physiology and biochemistry in modern medicine,1.000,,
merge_review,741,Physiology and biochemistry in modern medicine,742,Physiology and biochemistry in modern medicine,1.000,,
merge_review,749,The mechanism of Mendelian heredity,750,The Mechanism of Mendelian heredity,1.000,,
merge_review,765,Contributions to the genetics of Drosophila melanogaster ..,766,Contributions to the genetics of Drosophila melanogaster,1.000,,
merge_review,773,Evolution and adaptation,774,Evolution and adaptation,1.000,,
merge_review,777,Experimental zoölogy,778,Experimental zoölogy,1.000,,
merge_review,785,Heredity and sex,786,Heredity and sex,1.000,,
merge_review,785,Heredity and sex,787,Heredity and sex,1.000,,
merge_review,785,Heredity and sex,788,Heredity and sex,1.000,,
merge_review,786,Heredity and sex,787,Heredity and sex,1.000,,
merge_review,786,Heredity and sex,788,Heredity and sex,1.000,,
merge_review,787,Heredity and sex,788,Heredity and sex,1.000,,
merge_review,805,The physical basis of heredity,806,The physical basis of heredity,1.000,,
merge_review,805,The physical basis of heredity,807,The physical basis of heredity,1.000,,
merge_review,805,The physical basis of heredity,808,The physical basis of heredity,1.000,,
merge_review,805,The physical basis of heredity,809,The physical basis of heredity,1.000,,
merge_review,806,The physical basis of heredity,807,The physical basis of heredity,1.000,,
merge_review,806,The physical basis of heredity,808,The physical basis of heredity,1.000,,
merge_review,806,The physical basis of heredity,809,The physical basis of heredity,1.000,,
merge_review,807,The physical basis of heredity,808,The physical basis of heredity,1.000,,
merge_review,807,The physical basis of heredity,809,The physical basis of heredity,1.000,,
merge_review,808,The physical basis of heredity,809,The physical basis of heredity,1.000,,
merge_review,2200,Der Physiker und sein Werkzeug,2704,Der Physiker und sein Werkzeug,1.000,,
merge_review,2206,Argonne National Laboratory,2447,Argonne National Laboratory,1.000,,
merge_review,2206,Argonne National Laboratory,2537,Argonne National Laboratory,1.000,,
merge_review,2212,Vom Atom zum Weltsystem,2649,Vom Atom zum Weltsystem,1.000,,
merge_review,2217,"Fragile Objects: Soft Matter, Hard Science, and the Thrill of Discovery",2579,"Fragile Objects: Soft Matter, Hard Science, and the Thrill of Discovery",1.000,,
merge_review,2219,Scaling concepts in polymer physics,2393,Scaling concepts in polymer physics,1.000,,
merge_review,2223,Massachusetts Institute of Technology,2473,Massachusetts Institute of Technology,1.000,,
merge_review,2229,Physical Review,2247,Physical Review,1.000,,
merge_review,2229,Physical Review,2255,Physical Review,1.000,,
merge_review,2229,Physical Review,2301,Physical Review,1.000,,
merge_review,2229,Physical Review,2614,Physical Review,1.000,,
merge_review,2229,Physical Review,2780,Physical Review,1.000,,
merge_review,2229,Physical Review,2805,Physical Review,1.000,,
merge_review,2234,"Per i settanta anni della Enciclopedia italiana, 1925–1995",2237,"Per i settanta anni della Enciclopedia italiana, 1925–1995",1.000,,
merge_review,2236,Physical Review Letters,2268,Physical Review Letters,1.000,,
merge_review,2236,Physical Review Letters,2363,Physical Review Letters,1.000,,
merge_review,2236,Physical Review Letters,2454,Physical Review Letters,1.000,,
merge_review,2236,Physical Review Letters,2455,Physical Review Letters,1.000,,
merge_review,2236,Physical Review Letters,2553,Physical Review Letters,1.000,,
merge_review,2236,Physical Review Letters,2557,Physical Review Letters,1.000,,
merge_review,2236,Physical Review Letters,2577,Physical Review Letters,1.000,,
merge_review,2236,Physical Review Letters,2617,Physical Review Letters,1.000,,
merge_review,2236,Physical Review Letters,2737,Physical Review Letters,1.000,,
merge_review,2236,Physical Review Letters,2778,Physical Review Letters,1.000,,
merge_review,2242,University of Chicago,2320,University of Chicago,1.000,,
merge_review,2242,University of Chicago,2395,University of Chicago,1.000,,
merge_review,2242,University of Chicago,2700,University of Chicago,1.000,,
merge_review,2244,Theorie des Doppellinsen-b-Spektrometers,2260,Theorie des Doppellinsen-b-Spektrometers,1.000,,
merge_review,2245,NGF. Apertura di una nuova frontiera nella neurobiologia,2712,NGF. Apertura di una nuova frontiera nella neurobiologia,1.000,,
merge_review,2247,Physical Review,2255,Physical Review,1.000,,
merge_review,2247,Physical Review,2301,Physical Review,1.000,,
merge_review,2247,Physical Review,2614,Physical Review,1.000,,
merge_review,2247,Physical Review,2780,Physical Review,1.000,,
merge_review,2247,Physical Review,2805,Physical Review,1.000,,
merge_review,2251,Sclerosi multipla. Attualità e prospettive,2560,Sclerosi multipla. Attualità e prospettive,1.000,,
merge_review,2255,Physical Review,2301,Physical Review,1.000,,
merge_review,2255,Physical Review,2614,Physical Review,1.000,,
merge_review,2255,Physical Review,2780,Physical Review,1.000,,
merge_review,2255,Physical Review,2805,Physical Review,1.000,,
merge_review,2256,"University of California, Irvine",2339,"University of California, Irvine",1.000,,
merge_review,2256,"University of California, Irvine",2591,"University of California, Irvine",1.000,,
merge_review,2256,"University of California, Irvine",2738,"University of California, Irvine",1.000,,
merge_review,2257,Cronologia di una scoperta,2639,Cronologia di una scoperta,1.000,,
merge_review,2258,Die Relativitätstheorie. Bd. 1. Die spezielle Relativitätstheorie,2519,Die Relativitätstheorie. Bd. 1. Die spezielle Relativitätstheorie,1.000,,
merge_review,2262,Reviews of Modern Physics,2404,Reviews of Modern Physics,1.000,,
merge_review,2262,Reviews of Modern Physics,2813,Reviews of Modern Physics,1.000,,
merge_review,2268,Physical Review Letters,2363,Physical Review Letters,1.000,,
merge_review,2268,Physical Review Letters,2454,Physical Review Letters,1.000,,
merge_review,2268,Physical Review Letters,2455,Physical Review Letters,1.000,,
merge_review,2268,Physical Review Letters,2553,Physical Review Letters,1.000,,
merge_review,2268,Physical Review Letters,2557,Physical Review Letters,1.000,,
merge_review,2268,Physical Review Letters,2577,Physical Review Letters,1.000,,
merge_review,2268,Physical Review Letters,2617,Physical Review Letters,1.000,,
merge_review,2268,Physical Review Letters,2737,Physical Review Letters,1.000,,
merge_review,2268,Physical Review Letters,2778,Physical Review Letters,1.000,,
merge_review,2270,Il messaggio nervoso,2384,Il messaggio nervoso,1.000,,
merge_review,2275,Physical Review D,2308,Physical Review D,1.000,,
merge_review,2275,Physical Review D,2428,Physical Review D,1.000,,
merge_review,2275,Physical Review D,2669,Physical Review D,1.000,,
merge_review,2277,United States Department of Energy,2290,United States Department of Energy,1.000,,
merge_review,2277,United States Department of Energy,2322,United States Department of Energy,1.000,,
merge_review,2277,United States Department of Energy,2570,United States Department of Energy,1.000,,
merge_review,2277,United States Department of Energy,2713,United States Department of Energy,1.000,,
merge_review,2277,United States Department of Energy,2724,United States Department of Energy,1.000,,
merge_review,2277,United States Department of Energy,2764,United States Department of Energy,1.000,,
merge_review,2279,University of California Los Angeles,2521,University of California Los Angeles,1.000,,
merge_review,2289,Resonanzeinfang an einer Uranoberfläche,2551,Resonanzeinfang an einer Uranoberfläche,1.000,,
merge_review,2290,United States Department of Energy,2322,United States Department of Energy,1.000,,
merge_review,2290,United States Department of Energy,2570,United States Department of Energy,1.000,,
merge_review,2290,United States Department of Energy,2713,United States Department of Energy,1.000,,
merge_review,2290,United States Department of Energy,2724,United States Department of Energy,1.000,,
merge_review,2290,United States Department of Energy,2764,United States Department of Energy,1.000,,
merge_review,2293,Cantico di una vita,2325,Cantico di una vita,1.000,,
merge_review,2297,Kernphysik und kosmische Strahlen. T. 1,2747,Kernphysik und kosmische Strahlen. T. 1,1.000,,
merge_review,2301,Physical Review,2614,Physical Review,1.000,,
merge_review,2301,Physical Review,2780,Physical Review,1.000,,
merge_review,2301,Physical Review,2805,Physical Review,1.000,,
merge_review,2303,"Devenez sorciers, devenez savants",2676,"Devenez sorciers, devenez savants",1.000,,
merge_review,2308,Physical Review D,2428,Physical Review D,1.000,,
merge_review,2308,Physical Review D,2669,Physical Review D,1.000,,
merge_review,2311,Kernphysik und kosmische Strahlen. T. 2,2756,Kernphysik und kosmische Strahlen. T. 2,1.000,,
merge_review,2314,Brookhaven National Laboratory,2520,Brookhaven National Laboratory,1.000,,
merge_review,2317,Vito Volterra. Il suo percorso,2429,Vito Volterra. Il suo percorso,1.000,,
merge_review,2320,University of Chicago,2395,University of Chicago,1.000,,
merge_review,2320,University of Chicago,2700,University of Chicago,1.000,,
merge_review,2321,Columbia University,2406,Columbia University,1.000,,
merge_review,2321,Columbia University,2549,Columbia University,1.000,,
merge_review,2321,Columbia University,2730,Columbia University,1.000,,
merge_review,2322,United States Department of Energy,2570,United States Department of Energy,1.000,,
merge_review,2322,United States Department of Energy,2713,United States Department of Energy,1.000,,
merge_review,2322,United States Department of Energy,2724,United States Department of Energy,1.000,,
merge_review,2322,United States Department of Energy,2764,United States Department of Energy,1.000,,
merge_review,2323,Der Streufehler bei der Ausmessung von Nebelkammerbahnen im Magnetfeld,2330,Der Streufehler bei der Ausmessung von Nebelkammerbahnen im Magnetfeld,1.000,,
merge_review,2334,Die Relativitätstheorie. Bd. 2. Die allgemeine Relativitätstheorie,2684,Die Relativitätstheorie. Bd. 2. Die allgemeine Relativitätstheorie,1.000,,
merge_review,2334,Die Relativitätstheorie. Bd. 2. Die allgemeine Relativitätstheorie,2801,Die Relativitätstheorie. Bd. 2. Die allgemeine Relativitätstheorie,1.000,,
merge_review,2337,Rice University,2544,Rice University,1.000,,
merge_review,2339,"University of California, Irvine",2591,"University of California, Irvine",1.000,,
merge_review,2339,"University of California, Irvine",2738,"University of California, Irvine",1.000,,
merge_review,2344,Tempo di mutamenti,2715,Tempo di mutamenti,1.000,,
merge_review,2347,Collected papers,2463,Collected papers,1.000,,
merge_review,2355,Lawrence Berkeley National Laboratory,2451,Lawrence Berkeley National Laboratory,1.000,,
merge_review,2355,Lawrence Berkeley National Laboratory,2719,Lawrence Berkeley National Laboratory,1.000,,
merge_review,2355,Lawrence Berkeley National Laboratory,2809,Lawrence Berkeley National Laboratory,1.000,,
merge_review,2363,Physical Review Letters,2454,Physical Review Letters,1.000,,
merge_review,2363,Physical Review Letters,2455,Physical Review Letters,1.000,,
merge_review,2363,Physical Review Letters,2553,Physical Review Letters,1.000,,
merge_review,2363,Physical Review Letters,2557,Physical Review Letters,1.000,,
merge_review,2363,Physical Review Letters,2577,Physical Review Letters,1.000,,
merge_review,2363,Physical Review Letters,2617,Physical Review Letters,1.000,,
merge_review,2363,Physical Review Letters,2737,Physical Review Letters,1.000,,
merge_review,2363,Physical Review Letters,2778,Physical Review Letters,1.000,,
merge_review,2367,Poesie inedite. 1934–1946,2671,Poesie inedite. 1934–1946,1.000,,
merge_review,2371,"Über Gaszentrifugen: Anreicherung der Xenon-, Krypton- und der Selen-Isotope nach dem Zentrifugenverfahren",2793,"Über Gaszentrifugen: Anreicherung der Xenon-, Krypton- und der Selen-Isotope nach dem Zentrifugenverfahren",1.000,,
merge_review,2375,Acute Infectious Hemorrhagic Fevers and Mycotoxicosis in the Union of Soviet Socialist Republics,2420,Acute Infectious Hemorrhagic Fevers and Mycotoxicosis in the Union of Soviet Socialist Republics,1.000,,
merge_review,2376,La galassia mente,2616,La galassia mente,1.000,,
merge_review,2382,Eva era africana,2467,Eva era africana,1.000,,
merge_review,2395,University of Chicago,2700,University of Chicago,1.000,,
merge_review,2404,Reviews of Modern Physics,2813,Reviews of Modern Physics,1.000,,
merge_review,2406,Columbia University,2549,Columbia University,1.000,,
merge_review,2406,Columbia University,2730,Columbia University,1.000,,
merge_review,2415,Il tuo futuro,2627,Il tuo futuro,1.000,,
merge_review,2426,È necessaria la scienza?,2442,È necessaria la scienza?,1.000,,
merge_review,2428,Physical Review D,2669,Physical Review D,1.000,,
merge_review,2432,European Organization for Nuclear Research,2495,European Organization for Nuclear Research,1.000,,
merge_review,2432,European Organization for Nuclear Research,2550,European Organization for Nuclear Research,1.000,,
merge_review,2438,Mechanics,2569,Mechanics,1.000,,
merge_review,2447,Argonne National Laboratory,2537,Argonne National Laboratory,1.000,,
merge_review,2448,Un universo inquieto. Vita e opere di Paola Levi Montalcini,2779,Un universo inquieto. Vita e opere di Paola Levi Montalcini,1.000,,
merge_review,2451,Lawrence Berkeley National Laboratory,2719,Lawrence Berkeley National Laboratory,1.000,,
merge_review,2451,Lawrence Berkeley National Laboratory,2809,Lawrence Berkeley National Laboratory,1.000,,
merge_review,2454,Physical Review Letters,2455,Physical Review Letters,1.000,,
merge_review,2454,Physical Review Letters,2553,Physical Review Letters,1.000,,
merge_review,2454,Physical Review Letters,2557,Physical Review Letters,1.000,,
merge_review,2454,Physical Review Letters,2577,Physical Review Letters,1.000,,
merge_review,2454,Physical Review Letters,2617,Physical Review Letters,1.000,,
merge_review,2454,Physical Review Letters,2737,Physical Review Letters,1.000,,
merge_review,2454,Physical Review Letters,2778,Physical Review Letters,1.000,,
merge_review,2455,Physical Review Letters,2553,Physical Review Letters,1.000,,
merge_review,2455,Physical Review Letters,2557,Physical Review Letters,1.000,,
merge_review,2455,Physical Review Letters,2577,Physical Review Letters,1.000,,
merge_review,2455,Physical Review Letters,2617,Physical Review Letters,1.000,,
merge_review,2455,Physical Review Letters,2737,Physical Review Letters,1.000,,
merge_review,2455,Physical Review Letters,2778,Physical Review Letters,1.000,,
merge_review,2457,Simple Views on Condensed Matter: Expanded Edition,2611,Simple Views on Condensed Matter: Expanded Edition,1.000,,
merge_review,2461,"Reti. Scienza, cultura, economia",2589,"Reti. Scienza, cultura, economia",1.000,,
merge_review,2480,Tempo di revisione,2650,Tempo di revisione,1.000,,
merge_review,2495,European Organization for Nuclear Research,2550,European Organization for Nuclear Research,1.000,,
merge_review,2510,Abbi il coraggio di conoscere,2674,Abbi il coraggio di conoscere,1.000,,
merge_review,2515,Memoria: un telaio infinito Dialogo su un mondo tutto da scoprire,2657,Memoria: un telaio infinito Dialogo su un mondo tutto da scoprire,1.000,,
merge_review,2518,Superconductivity of metals and alloys,2806,Superconductivity of metals and alloys,1.000,,
merge_review,2522,New developments in neurobiological research,2741,New developments in neurobiological research,1.000,,
merge_review,2527,Lungo le vie della conoscenza. Un viaggio per sentieri inesplorati con Rita Levi-Montalcini,2664,Lungo le vie della conoscenza. Un viaggio per sentieri inesplorati con Rita Levi-Montalcini,1.000,,
merge_review,2538,Die Streuung von Elektronen in schrägen Folien,2782,Die Streuung von Elektronen in schrägen Folien,1.000,,
merge_review,2549,Columbia University,2730,Columbia University,1.000,,
merge_review,2553,Physical Review Letters,2557,Physical Review Letters,1.000,,
merge_review,2553,Physical Review Letters,2577,Physical Review Letters,1.000,,
merge_review,2553,Physical Review Letters,2617,Physical Review Letters,1.000,,
merge_review,2553,Physical Review Letters,2737,Physical Review Letters,1.000,,
merge_review,2553,Physical Review Letters,2778,Physical Review Letters,1.000,,
merge_review,2557,Physical Review Letters,2577,Physical Review Letters,1.000,,
merge_review,2557,Physical Review Letters,2617,Physical Review Letters,1.000,,
merge_review,2557,Physical Review Letters,2737,Physical Review Letters,1.000,,
merge_review,2557,Physical Review Letters,2778,Physical Review Letters,1.000,,
merge_review,2567,Donne in medicina,2685,Donne in medicina,1.000,,
merge_review,2568,Petit Point: A Candid Portrait on the Aberrations of Science,2615,Petit Point: A Candid Portrait on the Aberrations of Science,1.000,,
merge_review,2570,United States Department of Energy,2713,United States Department of Energy,1.000,,
merge_review,2570,United States Department of Energy,2724,United States Department of Energy,1.000,,
merge_review,2570,United States Department of Energy,2764,United States Department of Energy,1.000,,
merge_review,2571,Rita Levi-Montalcini racconta la scuola ai ragazzi|Rita Levi-Montalcini con Giuseppina Tripodi racconta la scuola ai ragazzi,2644,Rita Levi-Montalcini racconta la scuola ai ragazzi|Rita Levi-Montalcini con Giuseppina Tripodi racconta la scuola ai ragazzi,1.000,,
merge_review,2577,Physical Review Letters,2617,Physical Review Letters,1.000,,
merge_review,2577,Physical Review Letters,2737,Physical Review Letters,1.000,,
merge_review,2577,Physical Review Letters,2778,Physical Review Letters,1.000,,
merge_review,2591,"University of California, Irvine",2738,"University of California, Irvine",1.000,,
merge_review,2595,Introduction to polymer dynamics,2618,Introduction to polymer dynamics,1.000,,
merge_review,2614,Physical Review,2780,Physical Review,1.000,,
merge_review,2614,Physical Review,2805,Physical Review,1.000,,
merge_review,2617,Physical Review Letters,2737,Physical Review Letters,1.000,,
merge_review,2617,Physical Review Letters,2778,Physical Review Letters,1.000,,
merge_review,2621,La clessidra della vita di Rita Levi-Montalcini,2710,La clessidra della vita di Rita Levi-Montalcini,1.000,,
merge_review,2628,"Capillarity and Wetting Phenomena: Drops, Bubbles, Pearls, Waves",2800,"Capillarity and Wetting Phenomena: Drops, Bubbles, Pearls, Waves",1.000,,
merge_review,2633,Soft Interfaces: The 1994 Dirac Memorial Lecture,2755,Soft Interfaces: The 1994 Dirac Memorial Lecture,1.000,,
merge_review,2636,Nuclear Physics and Cosmic Rays,2751,Nuclear Physics and Cosmic Rays,1.000,,
merge_review,2638,The physics of liquid crystals,2777,The physics of liquid crystals,1.000,,
merge_review,2640,Nuclear Physics B,2722,Nuclear Physics B,1.000,,
merge_review,2642,Storie di ordinaria resurrezione (e non). Fuori dalla depressione e altri mali oscuri,2735,Storie di ordinaria resurrezione (e non). Fuori dalla depressione e altri mali oscuri,1.000,,
merge_review,2648,Sclerosi multipla in Italia. Aspetti e problemi,2781,Sclerosi multipla in Italia. Aspetti e problemi,1.000,,
merge_review,2660,Monthly Review,2678,Monthly Review,1.000,,
merge_review,2684,Die Relativitätstheorie. Bd. 2. Die allgemeine Relativitätstheorie,2801,Die Relativitätstheorie. Bd. 2. Die allgemeine Relativitätstheorie,1.000,,
merge_review,2703,La vita intellettuale,2705,La vita intellettuale,1.000,,
merge_review,2713,United States Department of Energy,2724,United States Department of Energy,1.000,,
merge_review,2713,United States Department of Energy,2764,United States Department of Energy,1.000,,
merge_review,2719,Lawrence Berkeley National Laboratory,2809,Lawrence Berkeley National Laboratory,1.000,,
merge_review,2724,United States Department of Energy,2764,United States Department of Energy,1.000,,
merge_review,2737,Physical Review Letters,2778,Physical Review Letters,1.000,,
merge_review,2776,Tempo di azione,2792,Tempo di azione,1.000,,
merge_review,2780,Physical Review,2805,Physical Review,1.000,,
merge_review,3152,Nociones acera de las serpientes venenosas de la República Argentina y el suero antiofídico,3161,Nociones acerga de las serpientes venenosas de la república Argentina y el suero antiofídico,0.995,,
merge_review,881,"The electron, its isolation and measurement and the determination of some of its properties",2566,The Electron: Its Isolation and Measurements and the Determination of Some of its Properties,0.994,,
merge_review,1058,"Notes on science, technology and sciences education in the development of the south",1281,"Notes on Science, Technology and Science Education in the Development of the South",0.994,,
merge_review,979,"Towards MIP ""Nano-monolitht"" Composite Membranes for Enantioselective Separations",1068,"Towards MIP ""nano-monolith"" Composite Membranes for Enantioselective Separations",0.994,,
merge_review,3046,"Journal of a trip to the Shepherd, Banks, and Torres Islands, and to Espiritu Santo, and Efate in the New Hebrides, November 15, 1963 to December 24, 1963",3047,"Journal of a trip to the Shepherd, Banks, and Torres Islands and to Espiritu Santo and Efate in the New Hebrides, November 15, 1963, to December 25, 1963",0.993,,
merge_review,3594,Die Entwickelung der Materie enthüllt durch die Radioaktivität,3780,Die Entwickelung der Materie enthült durch die Radioaktivität,0.992,,
merge_review,4195,101 Great Ideas for Introducing Key Concepts in Mathematics,4220,101+ great ideas for introducing key concepts in mathematics,0.992,,
merge_review,4195,101 Great Ideas for Introducing Key Concepts in Mathematics,4326,101+ Great Ideas for Introducing Key Concepts in Mathematics,0.992,,
merge_review,2375,Acute Infectious Hemorrhagic Fevers and Mycotoxicosis in the Union of Soviet Socialist Republics,3033,Acute infectious hemorrhagic fevers and mycotoxicoses in the Union of Soviet Socialist Republics,0.990,,
merge_review,2420,Acute Infectious Hemorrhagic Fevers and Mycotoxicosis in the Union of Soviet Socialist Republics,3033,Acute infectious hemorrhagic fevers and mycotoxicoses in the Union of Soviet Socialist Republics,0.990,,
merge_review,2310,"Studies in Animal and Human Behavior, Volume II",2377,"Studies in Animal and Human Behavior, Volume I",0.989,,
merge_review,950,The Coupling of Nuclear Surface Oscillations to the Motion of Individual Nucleous,5021,The coupling of nuclear surface oscillations to the motion of individual nucleons,0.988,,
merge_review,1722,Détermination expérimentale de la valeur du mètre en longueurs d'ondes lumineuses,1913,Détermination Expérimentale de la Valeur du Metre en Longueurs d'ondes Lumineuses,0.988,,
merge_review,1423,Le voyage de Lourdes ; suivi de la prière,1653,"Le voyage de lourdes, suivie de La Prière",0.987,,
merge_review,1068,"Towards MIP ""nano-monolith"" Composite Membranes for Enantioselective Separations",1268,"Towards MIP ""nano-monolith"" Composite Membranes for Enentioselective Separations",0.987,,
merge_review,3751,Gruppentheorie und ihre Anwendung auf die Quantenmechanik der Atmospektren,3752,Gruppentheorie und ihre Anwendung auf die Quantenmechanik der Atomspektren,0.986,,
merge_review,3053,Melanesian and Micronesian journal,3129,Melanesian and Micronesian journals,0.986,,
merge_review,1483,"The Collected Papers of Albert Einstein, Volume 10: The Berlin Years",1792,"The Collected Papers of Albert Einstein, Volume 15 : The Berlin Years",0.985,,
merge_review,1141,Practice of Homeopathic Medicine,1290,Practice of Homoeopathic Medicine,0.985,,
merge_review,1599,The Collected Papers of Albert Einstein: Volume 7: The Berlin Years,1600,"The Collected Papers of Albert Einstein, Volume 8 : The Berlin Years",0.985,,
merge_review,1599,The Collected Papers of Albert Einstein: Volume 7: The Berlin Years,1601,"The Collected Papers of Albert Einstein, Volume 9: The Berlin Years",0.985,,
merge_review,1600,"The Collected Papers of Albert Einstein, Volume 8 : The Berlin Years",1601,"The Collected Papers of Albert Einstein, Volume 9: The Berlin Years",0.985,,
merge_review,4333,Encylopedia of Molecular Biology,4808,Encyclopedia of molecular biology,0.985,,
merge_review,1595,"The Collected Papers of Albert Einstein, Volume 2: The Swiss Years",1596,"The Collected Papers of Albert Einstein, Volume 3: The Swiss Years",0.984,,
merge_review,1595,"The Collected Papers of Albert Einstein, Volume 2: The Swiss Years",1597,"The Collected Papers of Albert Einstein, Volume 4: The Swiss Years",0.984,,
merge_review,1595,"The Collected Papers of Albert Einstein, Volume 2: The Swiss Years",1598,"The Collected Papers of Albert Einstein, Volume 5: The Swiss Years",0.984,,
merge_review,1596,"The Collected Papers of Albert Einstein, Volume 3: The Swiss Years",1597,"The Collected Papers of Albert Einstein, Volume 4: The Swiss Years",0.984,,
merge_review,1596,"The Collected Papers of Albert Einstein, Volume 3: The Swiss Years",1598,"The Collected Papers of Albert Einstein, Volume 5: The Swiss Years",0.984,,
merge_review,1597,"The Collected Papers of Albert Einstein, Volume 4: The Swiss Years",1598,"The Collected Papers of Albert Einstein, Volume 5: The Swiss Years",0.984,,
merge_review,3859,Gutachten zum internationalen und ausländischen Privatrecht 1969,3861,"Gutachten zum internationalen und ausländischen Privatrecht, 1976",0.984,,
merge_review,3860,Gutachten zum internationalen und ausländischen Privatrecht 1975,3861,"Gutachten zum internationalen und ausländischen Privatrecht, 1976",0.984,,
merge_review,763,A contribution to the embryology and phylogeny of the pycnogonids ..,764,Contribution to the embryology and phylogeny of the Pycnogonids ..,0.984,,
merge_review,2258,Die Relativitätstheorie. Bd. 1. Die spezielle Relativitätstheorie,2661,Die Relativitätstheorie. Band 1: Die spezielle Relativitätstheorie,0.984,,
merge_review,2519,Die Relativitätstheorie. Bd. 1. Die spezielle Relativitätstheorie,2661,Die Relativitätstheorie. Band 1: Die spezielle Relativitätstheorie,0.984,,
merge_review,1837,"Mathematische Annalen, Volume 59",2058,Mathematische Annalen; Volume 9,0.984,,
merge_review,1842,"Mathematische Annalen, Volume 2",1845,"Mathematische Annalen, Volume 26",0.984,,
merge_review,1842,"Mathematische Annalen, Volume 2",1867,"Mathematische Annalen, Volume 28",0.984,,
merge_review,1842,"Mathematische Annalen, Volume 2",2055,Mathematische Annalen; Volume 29,0.984,,
merge_review,1845,"Mathematische Annalen, Volume 26",2059,Mathematische Annalen; Volume 6,0.984,,
merge_review,2055,Mathematische Annalen; Volume 29,2058,Mathematische Annalen; Volume 9,0.984,,
merge_review,1134,Some Development Issues of Settlement Schemes in the Sudan,1172,Some Developmental Issues of Settlement Schemes in the Sudan,0.983,,
merge_review,1639,Äther und Relativitäts-Theorie,2109,Äther und Relativitätstheorie,0.983,,
merge_review,2946,Essai de psychologie générale,3155,Essai de psychologie général,0.982,,
merge_review,4034,"The collected papers of Lord Rutherford of Nelson, vol. 1",4035,"The collected papers of Lord Rutherford of Nelson, vol. 3",0.982,,
merge_review,961,Physical Education in India,1173,Physical Eucation in India,0.981,,
merge_review,982,Nonpolynomial Lagrangians Renormalization and Gravity,1034,"Nonpolynomial Lagrangians, Renormalisation and Gravity",0.981,,
merge_review,1411,Light waves and their uses,1841,Lights Waves and Their Uses,0.981,,
merge_review,1413,Light waves and their uses,1841,Lights Waves and Their Uses,0.981,,
merge_review,1841,Lights Waves and Their Uses,5055,Light waves and their uses,0.981,,
merge_review,1750,Light waves and their uses,1841,Lights Waves and Their Uses,0.981,,
merge_review,1839,Light Waves and Their Uses,1841,Lights Waves and Their Uses,0.981,,
merge_review,4506,The constitution of sugars,4589,The Constitutions of Sugars,0.981,,
merge_review,4589,The Constitutions of Sugars,4787,The constitution of sugars.,0.981,,
merge_review,2654,Röntgenstrahl-Interferenzen,2775,Röntgenstrahlinterferenzen,0.981,,
merge_review,979,"Towards MIP ""Nano-monolitht"" Composite Membranes for Enantioselective Separations",1268,"Towards MIP ""nano-monolith"" Composite Membranes for Enentioselective Separations",0.981,,
merge_review,4004,Recherches sur une proprie te  nouvelle de la matie  re,4089,Recherches sur une propriete nouvelle de la matiere,0.981,,
merge_review,4734,"Advances in Genetics, Volume 52 (Advances in Genetics)",4735,"Advances in Genetics, Volume 55 (Advances in Genetics)",0.980,,
merge_review,1756,Man's destiny in eternity,2093,Mans Destiny In  Eternity ,0.980,,
merge_review,2093,Mans Destiny In  Eternity ,5079,Man's destiny in eternity,0.980,,
merge_review,4308,Sovremennaia astrofizika.,4572,Sovremennai͡a astrofizika,0.980,,
merge_review,4526,Der Lichtdruck auf Kugeln von beliebigem Material,4668,Der lichtdruck auf keueln von beliebigem material ...,0.980,,
merge_review,4307,Rasprostranenie ėlektromagnitnykh voin v plazme,4324,Rasprostranenie ėlektromagnitnykh voln v plazme,0.979,,
merge_review,4307,Rasprostranenie ėlektromagnitnykh voin v plazme,4500,Rasprostranenie ėlektromagnitnykh voln v plazme,0.979,,
merge_review,3326,The basis of sensations,5030,The basis of sensation,0.978,,
merge_review,233,"Great Soviet Encyclopedia (1969–1978), volume 1",875,"Great Soviet Encyclopedia (1969–1978), volume 2",0.977,,
merge_review,1483,"The Collected Papers of Albert Einstein, Volume 10: The Berlin Years",1599,The Collected Papers of Albert Einstein: Volume 7: The Berlin Years,0.977,,
merge_review,1483,"The Collected Papers of Albert Einstein, Volume 10: The Berlin Years",1600,"The Collected Papers of Albert Einstein, Volume 8 : The Berlin Years",0.977,,
merge_review,1483,"The Collected Papers of Albert Einstein, Volume 10: The Berlin Years",1601,"The Collected Papers of Albert Einstein, Volume 9: The Berlin Years",0.977,,
merge_review,1599,The Collected Papers of Albert Einstein: Volume 7: The Berlin Years,1792,"The Collected Papers of Albert Einstein, Volume 15 : The Berlin Years",0.977,,
merge_review,1600,"The Collected Papers of Albert Einstein, Volume 8 : The Berlin Years",1792,"The Collected Papers of Albert Einstein, Volume 15 : The Berlin Years",0.977,,
merge_review,1601,"The Collected Papers of Albert Einstein, Volume 9: The Berlin Years",1792,"The Collected Papers of Albert Einstein, Volume 15 : The Berlin Years",0.977,,
merge_review,1412,On the relative motion of the Earth and the luminiferous aether,1728,On the relative motion of the earth and the luminiferous æther,0.976,,
merge_review,1427,Leitfaden für medicinisch-chemische Kurse,2124,Leitfaden für medicinisch-chemische Curse,0.976,,
merge_review,1427,Leitfaden für medicinisch-chemische Kurse,2354,Leitfaden für medizinisch-chemische Kurse,0.976,,
merge_review,1669,Relativity: The Special and General Theory,1909,Realtivity the Special and General Theory,0.976,,
merge_review,4178,"Further researches concerning atomic weights and potassium, silver, chlorine, bromine, nitrogen, and sulphur",4619,"Further researches concerning atomic weights of potassium, silver, chlorine, bromine, nitrogen, and sulphur",0.976,,
merge_review,1835,Relativity : the Special and General Theory,1909,Realtivity the Special and General Theory,0.976,,
merge_review,1889,Relativity the Special and General Theory,1909,Realtivity the Special and General Theory,0.976,,
merge_review,1909,Realtivity the Special and General Theory,1944,Relativity the Special and General Theory,0.976,,
merge_review,1102,"Collective and Individual-particle Aspects of Nuclear Structure, by Aage Bohr and Ben R. Mottelson",1204,"Collective and Individual-particle Aspects of Nuclear Structure, by Aage Bohr and Ben R. Mottelson. 2°ed",0.975,,
merge_review,3727,HIV : Molecular Biology and Pathogenesis,3731,HIV I : Molecular Biology and Pathogenesis,0.974,,
merge_review,1539,L' éther et la théorie de la relativité,2132,L'éther et le théorie de la relativité,0.974,,
merge_review,3342,"Name Reactions for Homologation, Part 2",3344,"Name Reactions for Homologation, Part 1",0.974,,
merge_review,2115,L'éther et la théorie de la relativité,2132,L'éther et le théorie de la relativité,0.974,,
merge_review,2380,Gesammelte Schriften und Vorträge. Bd. 3,2423,Gesammelte Schriften und Vorträge. Bd. 2,0.974,,
merge_review,2380,Gesammelte Schriften und Vorträge. Bd. 3,2691,Gesammelte Schriften und Vorträge. Bd. 1,0.974,,
merge_review,2423,Gesammelte Schriften und Vorträge. Bd. 2,2691,Gesammelte Schriften und Vorträge. Bd. 1,0.974,,
merge_review,1418,Introduction to a submolecular biology,2190,Introduction to Submolecular Biology,0.973,,
merge_review,2190,Introduction to Submolecular Biology,5059,Introduction to a submolecular biology,0.973,,
merge_review,3684,DNA topoisomerases,3720,DNA Topoisomearases,0.973,,
merge_review,4310,Teoreticheski͡a︡ fizika i astrofizika,4504,Teoreticheskai͡a fizika i astrofizika,0.973,,
merge_review,880,The autobiography of Robert A. Millikan,2772,The Autobiography of Robert Millikan,0.973,,
merge_review,2297,Kernphysik und kosmische Strahlen. T. 1,2311,Kernphysik und kosmische Strahlen. T. 2,0.973,,
merge_review,2297,Kernphysik und kosmische Strahlen. T. 1,2756,Kernphysik und kosmische Strahlen. T. 2,0.973,,
merge_review,2311,Kernphysik und kosmische Strahlen. T. 2,2747,Kernphysik und kosmische Strahlen. T. 1,0.973,,
merge_review,2747,Kernphysik und kosmische Strahlen. T. 1,2756,Kernphysik und kosmische Strahlen. T. 2,0.973,,
merge_review,726,Typical specifications for bituminous road materials,729,Typical specifications for nonbituminous road materials,0.972,,
merge_review,946,Nuclear Structure,1133,Nuclear Structured,0.971,,
merge_review,1001,Nuclear structure,1133,Nuclear Structured,0.971,,
merge_review,1026,Nuclear structure,1133,Nuclear Structured,0.971,,
merge_review,1030,Nuclear Structure,1133,Nuclear Structured,0.971,,
merge_review,1076,Nuclear Structure,1133,Nuclear Structured,0.971,,
merge_review,1080,Nuclear Structure,1133,Nuclear Structured,0.971,,
merge_review,1095,Nuclear Structure,1133,Nuclear Structured,0.971,,
merge_review,1097,Nuclear Structure,1133,Nuclear Structured,0.971,,
merge_review,1133,Nuclear Structured,1243,Nuclear Structure,0.971,,
merge_review,1133,Nuclear Structured,1332,Nuclear Structure,0.971,,
merge_review,9,Nuclear Structure,1133,Nuclear Structured,0.971,,
merge_review,836,Nuclear Structure,1133,Nuclear Structured,0.971,,
merge_review,4087,Einfuhrung in die organische Chemie,4208,Einführung in die organische Chemie,0.971,,
merge_review,1613,La théorie de la relativité restreinte et générale,2065,La théorie de la relativité restreinte et généralisée,0.971,,
merge_review,3343,Name Reactions of Functional Group Transformations,5069,Name reactions for functional group transformations,0.970,,
merge_review,4048,Spektroskopie der Rontgenstrahlen,4213,Spektroskopie der röntgenstrahlen,0.970,,
merge_review,1612,Grundzüge der Relativitätstheorie,1741,Grundzge Der Relativittstheorie,0.969,,
merge_review,1741,Grundzge Der Relativittstheorie,1783,Grundzüge der Relativitätstheorie,0.969,,
merge_review,1741,Grundzge Der Relativittstheorie,1892,Grundzüge der Relativitätstheorie,0.969,,
merge_review,3859,Gutachten zum internationalen und ausländischen Privatrecht 1969,3860,Gutachten zum internationalen und ausländischen Privatrecht 1975,0.969,,
merge_review,3283,Anleitung zur darstellung organischer präparate,3391,Anleitung zur Darstellung organischer Pr̈aparate,0.968,,
merge_review,3391,Anleitung zur Darstellung organischer Pr̈aparate,3392,Anleitung zur Darstellung organischer Präparate,0.968,,
merge_review,2388,Scientific works,4123,Scientific work,0.968,,
merge_review,1836,"Mathematische Annalen, Volume 48",1843,"Mathematische Annalen, Volume 47",0.968,,
merge_review,1836,"Mathematische Annalen, Volume 48",1867,"Mathematische Annalen, Volume 28",0.968,,
merge_review,1837,"Mathematische Annalen, Volume 59",1844,"Mathematische Annalen, Volume 55",0.968,,
merge_review,1837,"Mathematische Annalen, Volume 59",1862,"Mathematische Annalen, Volume 53",0.968,,
merge_review,1837,"Mathematische Annalen, Volume 59",2055,Mathematische Annalen; Volume 29,0.968,,
merge_review,1837,"Mathematische Annalen, Volume 59",2060,Mathematische Annalen; Volume 15,0.968,,
merge_review,1843,"Mathematische Annalen, Volume 47",1847,"Mathematische Annalen, Volume 37",0.968,,
merge_review,1844,"Mathematische Annalen, Volume 55",1862,"Mathematische Annalen, Volume 53",0.968,,
merge_review,1844,"Mathematische Annalen, Volume 55",2060,Mathematische Annalen; Volume 15,0.968,,
merge_review,1845,"Mathematische Annalen, Volume 26",1867,"Mathematische Annalen, Volume 28",0.968,,
merge_review,1845,"Mathematische Annalen, Volume 26",2055,Mathematische Annalen; Volume 29,0.968,,
merge_review,1847,"Mathematische Annalen, Volume 37",1862,"Mathematische Annalen, Volume 53",0.968,,
merge_review,1862,"Mathematische Annalen, Volume 53",2060,Mathematische Annalen; Volume 15,0.968,,
merge_review,1867,"Mathematische Annalen, Volume 28",2055,Mathematische Annalen; Volume 29,0.968,,
merge_review,1412,On the relative motion of the Earth and the luminiferous aether,1666,On the relative motion of the Earth and luminiferous aether,0.967,,
merge_review,4124,Encyclopedia of human biology,4183,"Encyclopedia of Human Biology, 2",0.967,,
merge_review,4183,"Encyclopedia of Human Biology, 2",4226,Encyclopedia of human biology,0.967,,
merge_review,1842,"Mathematische Annalen, Volume 2",2058,Mathematische Annalen; Volume 9,0.967,,
merge_review,1842,"Mathematische Annalen, Volume 2",2059,Mathematische Annalen; Volume 6,0.967,,
merge_review,2058,Mathematische Annalen; Volume 9,2059,Mathematische Annalen; Volume 6,0.967,,
merge_review,1468,Über die spezielle und allgemeine Relativitäts-theorie (gemeinverständlich),2069,Über die spezielle und die allgemeine Relativitätstheorie (gemeinverständlich),0.966,,
merge_review,1468,Über die spezielle und allgemeine Relativitäts-theorie (gemeinverständlich),2112,Über die spezielle und die allgemeine Relativitätstheorie (Gemeinverständlich),0.966,,
merge_review,1395,Chance and Design: Reminiscences of Science in Peace and War,2360,Chance & Design - Reminiscences of Science in Peace and War,0.965,,
merge_review,1034,"Nonpolynomial Lagrangians, Renormalisation and Gravity",1124,"Nonpolynomial Lagrangians, Renormalisation [sic] and Gravity",0.964,,
merge_review,1604,Einheitliche Feldtheorie von Gravitation und Elektrizität,1605,Einheitliche Theorie von Gravitation und Elektrizität,0.964,,
merge_review,4033,"The collected papers of Lord Rutherford of Nelson, O.M",4034,"The collected papers of Lord Rutherford of Nelson, vol. 1",0.963,,
merge_review,4033,"The collected papers of Lord Rutherford of Nelson, O.M",4035,"The collected papers of Lord Rutherford of Nelson, vol. 3",0.963,,
merge_review,1503,Einstein's essays in science,1949,Einstein Essays in Science,0.963,,
merge_review,1900,Einstein's Essays in Science,1949,Einstein Essays in Science,0.963,,
merge_review,1613,La théorie de la relativité restreinte et générale,1916,Sur la Théorie de la Relativité Restreinte et Générale,0.962,,
merge_review,1613,La théorie de la relativité restreinte et générale,2032,Sur la Théorie de la Relativité Restreinte et Générale,0.962,,
merge_review,4033,"The collected papers of Lord Rutherford of Nelson, O.M",4478,THE COLLECTED PAPERS OF LORD RUTHERFORD OF NELSON,0.961,,
merge_review,4729,"Advances in Genetics, Volume 49 (Advances in Genetics)",4734,"Advances in Genetics, Volume 52 (Advances in Genetics)",0.961,,
merge_review,4729,"Advances in Genetics, Volume 49 (Advances in Genetics)",4735,"Advances in Genetics, Volume 55 (Advances in Genetics)",0.961,,
merge_review,1599,The Collected Papers of Albert Einstein: Volume 7: The Berlin Years,2062,"Collected Papers of Albert Einstein, Volume 17 : The Berlin Years",0.961,,
merge_review,952,"Non-linear Realizations, 2:",1260,"Non-linear Realizations, 3",0.960,,
merge_review,952,"Non-linear Realizations, 2:",1335,"Non-linear Realizations, 1:",0.960,,
merge_review,1260,"Non-linear Realizations, 3",1335,"Non-linear Realizations, 1:",0.960,,
merge_review,4310,Teoreticheski͡a︡ fizika i astrofizika,4319,Teoreticheskai︠a︡ fizika i astrofizika,0.960,,
merge_review,4319,Teoreticheskai︠a︡ fizika i astrofizika,4504,Teoreticheskai͡a fizika i astrofizika,0.960,,
merge_review,3735,Gutachten Zum Internationalen und Ausländischen Privatrecht,3859,Gutachten zum internationalen und ausländischen Privatrecht 1969,0.959,,
merge_review,3735,Gutachten Zum Internationalen und Ausländischen Privatrecht,3860,Gutachten zum internationalen und ausländischen Privatrecht 1975,0.959,,
merge_review,3735,Gutachten Zum Internationalen und Ausländischen Privatrecht,3861,"Gutachten zum internationalen und ausländischen Privatrecht, 1976",0.959,,
merge_review,4713,Some problems in chemical kinetics and reactivity,4714,Some problems of chemical kinetics and reactivity,0.959,,
merge_review,1628,"Correspondance, 1903-1955",1901,"Correspondence, 1903-1955",0.958,,
merge_review,3721,Wrinkles in Time X18 D/B,3723,Wrinkles in Time X15 D/B,0.958,,
merge_review,4040,Extraits des Archives ne erlandaises,4041,Extraits des Archives néerlandaises,0.958,,
merge_review,4087,Einfuhrung in die organische Chemie,4584,Einf©ơhrung in die organische Chemie,0.958,,
merge_review,4208,Einführung in die organische Chemie,4584,Einf©ơhrung in die organische Chemie,0.958,,
merge_review,673,Œuvres scientifiques de Jean Perrin,2366,Oeuvres scientifiques de Jean Perrin,0.958,,
merge_review,1059,Nuclear structure. Vol. 1,1302,Nuclear structure. vol. 2,0.957,,
merge_review,1704,"Oeuvres choisies, tome 1",1705,"Oeuvres choisies, tome 2 ",0.957,,
merge_review,1704,"Oeuvres choisies, tome 1",1706,"Oeuvres choisies, tome 3 ",0.957,,
merge_review,1704,"Oeuvres choisies, tome 1",1707,"Oeuvres choisies, tome 4 ",0.957,,
merge_review,1704,"Oeuvres choisies, tome 1",1708,"Oeuvres choisies, tome 5 ",0.957,,
merge_review,1704,"Oeuvres choisies, tome 1",1709,"Oeuvres choisies, tome 6",0.957,,
merge_review,1705,"Oeuvres choisies, tome 2 ",1706,"Oeuvres choisies, tome 3 ",0.957,,
merge_review,1705,"Oeuvres choisies, tome 2 ",1707,"Oeuvres choisies, tome 4 ",0.957,,
merge_review,1705,"Oeuvres choisies, tome 2 ",1708,"Oeuvres choisies, tome 5 ",0.957,,
merge_review,1705,"Oeuvres choisies, tome 2 ",1709,"Oeuvres choisies, tome 6",0.957,,
merge_review,1706,"Oeuvres choisies, tome 3 ",1707,"Oeuvres choisies, tome 4 ",0.957,,
merge_review,1706,"Oeuvres choisies, tome 3 ",1708,"Oeuvres choisies, tome 5 ",0.957,,
merge_review,1706,"Oeuvres choisies, tome 3 ",1709,"Oeuvres choisies, tome 6",0.957,,
merge_review,1707,"Oeuvres choisies, tome 4 ",1708,"Oeuvres choisies, tome 5 ",0.957,,
merge_review,1707,"Oeuvres choisies, tome 4 ",1709,"Oeuvres choisies, tome 6",0.957,,
merge_review,1708,"Oeuvres choisies, tome 5 ",1709,"Oeuvres choisies, tome 6",0.957,,
merge_review,4164,Die Bek©Þmpfung des Lupus vulgaris,4793,Die Bekämpfung des Lupus vulgaris,0.955,,
merge_review,2332,Le Destin des Maladies infectieuses,3115,Destin des maladies infectieuses,0.955,,
merge_review,2292,Von Laue-Festschrift. 2,2351,Von Laue-Festschrift. 1,0.955,,
merge_review,1669,Relativity: The Special and General Theory,5050,Relativity: The Special and the General Theory,0.953,,
merge_review,1835,Relativity : the Special and General Theory,5050,Relativity: The Special and the General Theory,0.953,,
merge_review,1889,Relativity the Special and General Theory,5050,Relativity: The Special and the General Theory,0.953,,
merge_review,1944,Relativity the Special and General Theory,5050,Relativity: The Special and the General Theory,0.953,,
merge_review,1483,"The Collected Papers of Albert Einstein, Volume 10: The Berlin Years",2062,"Collected Papers of Albert Einstein, Volume 17 : The Berlin Years",0.953,,
merge_review,1792,"The Collected Papers of Albert Einstein, Volume 15 : The Berlin Years",2062,"Collected Papers of Albert Einstein, Volume 17 : The Berlin Years",0.953,,
merge_review,3857,"Gutachten zum internationalen und auslandischen Privatrecht, 1982",3859,Gutachten zum internationalen und ausländischen Privatrecht 1969,0.953,,
merge_review,3857,"Gutachten zum internationalen und auslandischen Privatrecht, 1982",3860,Gutachten zum internationalen und ausländischen Privatrecht 1975,0.953,,
merge_review,3857,"Gutachten zum internationalen und auslandischen Privatrecht, 1982",3861,"Gutachten zum internationalen und ausländischen Privatrecht, 1976",0.953,,
merge_review,2319,Die Relativitätstheorie II. Die allgemeine Relativitätstheorie,2334,Die Relativitätstheorie. Bd. 2. Die allgemeine Relativitätstheorie,0.952,,
merge_review,2319,Die Relativitätstheorie II. Die allgemeine Relativitätstheorie,2684,Die Relativitätstheorie. Bd. 2. Die allgemeine Relativitätstheorie,0.952,,
merge_review,2319,Die Relativitätstheorie II. Die allgemeine Relativitätstheorie,2801,Die Relativitätstheorie. Bd. 2. Die allgemeine Relativitätstheorie,0.952,,
merge_review,2124,Leitfaden für medicinisch-chemische Curse,2354,Leitfaden für medizinisch-chemische Kurse,0.951,,
merge_review,1836,"Mathematische Annalen, Volume 48",1842,"Mathematische Annalen, Volume 2",0.951,,
merge_review,1836,"Mathematische Annalen, Volume 48",2058,Mathematische Annalen; Volume 9,0.951,,
merge_review,1836,"Mathematische Annalen, Volume 48",2059,Mathematische Annalen; Volume 6,0.951,,
merge_review,1837,"Mathematische Annalen, Volume 59",1842,"Mathematische Annalen, Volume 2",0.951,,
merge_review,1837,"Mathematische Annalen, Volume 59",2059,Mathematische Annalen; Volume 6,0.951,,
merge_review,1842,"Mathematische Annalen, Volume 2",1843,"Mathematische Annalen, Volume 47",0.951,,
merge_review,1842,"Mathematische Annalen, Volume 2",1844,"Mathematische Annalen, Volume 55",0.951,,
merge_review,1842,"Mathematische Annalen, Volume 2",1847,"Mathematische Annalen, Volume 37",0.951,,
merge_review,1842,"Mathematische Annalen, Volume 2",1862,"Mathematische Annalen, Volume 53",0.951,,
merge_review,1842,"Mathematische Annalen, Volume 2",2060,Mathematische Annalen; Volume 15,0.951,,
merge_review,1843,"Mathematische Annalen, Volume 47",2058,Mathematische Annalen; Volume 9,0.951,,
merge_review,1843,"Mathematische Annalen, Volume 47",2059,Mathematische Annalen; Volume 6,0.951,,
merge_review,1844,"Mathematische Annalen, Volume 55",2058,Mathematische Annalen; Volume 9,0.951,,
merge_review,1844,"Mathematische Annalen, Volume 55",2059,Mathematische Annalen; Volume 6,0.951,,
merge_review,1845,"Mathematische Annalen, Volume 26",2058,Mathematische Annalen; Volume 9,0.951,,
merge_review,1847,"Mathematische Annalen, Volume 37",2058,Mathematische Annalen; Volume 9,0.951,,
merge_review,1847,"Mathematische Annalen, Volume 37",2059,Mathematische Annalen; Volume 6,0.951,,
merge_review,1862,"Mathematische Annalen, Volume 53",2058,Mathematische Annalen; Volume 9,0.951,,
merge_review,1862,"Mathematische Annalen, Volume 53",2059,Mathematische Annalen; Volume 6,0.951,,
merge_review,1867,"Mathematische Annalen, Volume 28",2058,Mathematische Annalen; Volume 9,0.951,,
merge_review,1867,"Mathematische Annalen, Volume 28",2059,Mathematische Annalen; Volume 6,0.951,,
merge_review,2055,Mathematische Annalen; Volume 29,2059,Mathematische Annalen; Volume 6,0.951,,
merge_review,2058,Mathematische Annalen; Volume 9,2060,Mathematische Annalen; Volume 15,0.951,,
merge_review,2059,Mathematische Annalen; Volume 6,2060,Mathematische Annalen; Volume 15,0.951,,
merge_review,23,Femtochemistry Vol. 2,24,Femtochemistry Vol. 1,0.950,,
merge_review,4232,The propagation of electromagnetic waves in plasmas,4323,Propagation of electromagnetic waves in plasma,0.948,,
merge_review,3565,Quantitative organische Mikroanalyse,3566,Die quantitative organische Mikroanalyse,0.947,,
merge_review,4643,Osnovy teorii e lektrichestva.,4644,Osnovy teorii ėlektrichestva,0.947,,
merge_review,3082,"Recent Advances in Prostaglandin, Thromboxane, and Leukotriene Research",3105,Advances in Prostaglandin Thromboxane and Leukotriene Research,0.947,,
merge_review,3082,"Recent Advances in Prostaglandin, Thromboxane, and Leukotriene Research",3198,"Advances in Prostaglandin, Thromboxane, and Leukotriene Research",0.947,,
merge_review,1891,Albert Einstein Collection Volume Two,1903,Albert Einstein Collection Volume One,0.946,,
merge_review,4434,Stand of the U. S. Army at Gettysburg,4733,The stand of the U.S. Army at Gettysburg,0.946,,
merge_review,982,Nonpolynomial Lagrangians Renormalization and Gravity,1124,"Nonpolynomial Lagrangians, Renormalisation [sic] and Gravity",0.945,,
merge_review,1197,"Supersymmetric $R 2$-actions, Conformal Invariance and Lorentz Chern-Simons in 6 and 10 Dimensions",1220,"SUPERSYMMETRIC R SUP(2)-ACTIONS, CONFORMAL INVARIANCE AND LORENTZ CHERN-SIMONS TERM IN 6 AND 10 DIMENSIONS.",0.945,,
merge_review,1600,"The Collected Papers of Albert Einstein, Volume 8 : The Berlin Years",2062,"Collected Papers of Albert Einstein, Volume 17 : The Berlin Years",0.945,,
merge_review,1601,"The Collected Papers of Albert Einstein, Volume 9: The Berlin Years",2062,"Collected Papers of Albert Einstein, Volume 17 : The Berlin Years",0.945,,
merge_review,3735,Gutachten Zum Internationalen und Ausländischen Privatrecht,3857,"Gutachten zum internationalen und auslandischen Privatrecht, 1982",0.943,,
merge_review,4808,Encyclopedia of molecular biology,4809,The encyclopedia of molecular biology,0.943,,
merge_review,1850,Collected Papers of Albert Einstein Vol. 14,1853,"Collected Papers of Albert Einstein, Volume 16",0.943,,
merge_review,4034,"The collected papers of Lord Rutherford of Nelson, vol. 1",4478,THE COLLECTED PAPERS OF LORD RUTHERFORD OF NELSON,0.942,,
merge_review,4035,"The collected papers of Lord Rutherford of Nelson, vol. 3",4478,THE COLLECTED PAPERS OF LORD RUTHERFORD OF NELSON,0.942,,
merge_review,1666,On the relative motion of the Earth and luminiferous aether,1728,On the relative motion of the earth and the luminiferous æther,0.942,,
merge_review,1269,"Science, Technology and Science Education in the Development of the South",1281,"Notes on Science, Technology and Science Education in the Development of the South",0.941,,
merge_review,4054,Recherches sur une propriété nouvelle de la matière,4089,Recherches sur une propriete nouvelle de la matiere,0.941,,
merge_review,4089,Recherches sur une propriete nouvelle de la matiere,4126,Recherches sur une propriété nouvelle de la matière,0.941,,
merge_review,1698,Fundstücke des Jahrhunderts. 10 Cassetten. Ein Kulturmosaik in 100 Teilen.,1699,Fundstücke des Jahrhunderts. 10 CDs. Ein Kulturmosaik in 100 Teilen.,0.941,,
merge_review,4336,Praxis des Organischen Chemikers,4337,Die Praxis des Organischen Chemikers,0.941,,
merge_review,3770,Introduction to Genetics,3856,An introduction to genetics,0.941,,
merge_review,2365,Optical Fiber Technology,2742,"Optical Fiber Technology, II",0.941,,
merge_review,857,Principles of Quantum Mechanics,2458,[[The Principles of Quantum Mechanics]],0.939,,
merge_review,2039,Tutkimuksia pinabietinihapon konstitutiosta,2072,Tutkimuksia pinabietinihapon konstitut,0.938,,
merge_review,2198,Cosmos of Arthur Holly Compton,5027,The cosmos of Arthur Holly Compton,0.938,,
merge_review,4241,H.L.A. and disease,4247,HLA and disease,0.938,,
merge_review,1794,The Cosmic View of Albert Einstein,1971,Cosmic View of Albert Einstein,0.938,,
merge_review,4480,"Alpha-, Beta-, and Gamma-Ray Spectroscopy, 2 Volume Set",4485,"ALPHA-, BETA- AND GAMMA-RAY SPECTROSCOPY - VOLUME 1",0.938,,
merge_review,2640,Nuclear Physics B,3410,Nuclear physics,0.938,,
merge_review,2722,Nuclear Physics B,3410,Nuclear physics,0.938,,
merge_review,2229,Physical Review,2275,Physical Review D,0.938,,
merge_review,2229,Physical Review,2308,Physical Review D,0.938,,
merge_review,2229,Physical Review,2428,Physical Review D,0.938,,
merge_review,2229,Physical Review,2669,Physical Review D,0.938,,
merge_review,2247,Physical Review,2275,Physical Review D,0.938,,
merge_review,2247,Physical Review,2308,Physical Review D,0.938,,
merge_review,2247,Physical Review,2428,Physical Review D,0.938,,
merge_review,2247,Physical Review,2669,Physical Review D,0.938,,
merge_review,2255,Physical Review,2275,Physical Review D,0.938,,
merge_review,2255,Physical Review,2308,Physical Review D,0.938,,
merge_review,2255,Physical Review,2428,Physical Review D,0.938,,
merge_review,2255,Physical Review,2669,Physical Review D,0.938,,
merge_review,2275,Physical Review D,2301,Physical Review,0.938,,
merge_review,2275,Physical Review D,2614,Physical Review,0.938,,
merge_review,2275,Physical Review D,2780,Physical Review,0.938,,
merge_review,2275,Physical Review D,2805,Physical Review,0.938,,
merge_review,2301,Physical Review,2308,Physical Review D,0.938,,
merge_review,2301,Physical Review,2428,Physical Review D,0.938,,
merge_review,2301,Physical Review,2669,Physical Review D,0.938,,
merge_review,2308,Physical Review D,2614,Physical Review,0.938,,
merge_review,2308,Physical Review D,2780,Physical Review,0.938,,
merge_review,2308,Physical Review D,2805,Physical Review,0.938,,
merge_review,2428,Physical Review D,2614,Physical Review,0.938,,
merge_review,2428,Physical Review D,2780,Physical Review,0.938,,
merge_review,2428,Physical Review D,2805,Physical Review,0.938,,
merge_review,2614,Physical Review,2669,Physical Review D,0.938,,
merge_review,2669,Physical Review D,2780,Physical Review,0.938,,
merge_review,2669,Physical Review D,2805,Physical Review,0.938,,
merge_review,1836,"Mathematische Annalen, Volume 48",1837,"Mathematische Annalen, Volume 59",0.935,,
merge_review,1836,"Mathematische Annalen, Volume 48",1844,"Mathematische Annalen, Volume 55",0.935,,
merge_review,1836,"Mathematische Annalen, Volume 48",1845,"Mathematische Annalen, Volume 26",0.935,,
merge_review,1836,"Mathematische Annalen, Volume 48",1847,"Mathematische Annalen, Volume 37",0.935,,
merge_review,1836,"Mathematische Annalen, Volume 48",1862,"Mathematische Annalen, Volume 53",0.935,,
merge_review,1836,"Mathematische Annalen, Volume 48",2055,Mathematische Annalen; Volume 29,0.935,,
merge_review,1836,"Mathematische Annalen, Volume 48",2060,Mathematische Annalen; Volume 15,0.935,,
merge_review,1837,"Mathematische Annalen, Volume 59",1843,"Mathematische Annalen, Volume 47",0.935,,
merge_review,1837,"Mathematische Annalen, Volume 59",1845,"Mathematische Annalen, Volume 26",0.935,,
merge_review,1837,"Mathematische Annalen, Volume 59",1847,"Mathematische Annalen, Volume 37",0.935,,
merge_review,1837,"Mathematische Annalen, Volume 59",1867,"Mathematische Annalen, Volume 28",0.935,,
merge_review,1843,"Mathematische Annalen, Volume 47",1844,"Mathematische Annalen, Volume 55",0.935,,
merge_review,1843,"Mathematische Annalen, Volume 47",1845,"Mathematische Annalen, Volume 26",0.935,,
merge_review,1843,"Mathematische Annalen, Volume 47",1862,"Mathematische Annalen, Volume 53",0.935,,
merge_review,1843,"Mathematische Annalen, Volume 47",1867,"Mathematische Annalen, Volume 28",0.935,,
merge_review,1843,"Mathematische Annalen, Volume 47",2055,Mathematische Annalen; Volume 29,0.935,,
merge_review,1843,"Mathematische Annalen, Volume 47",2060,Mathematische Annalen; Volume 15,0.935,,
merge_review,1844,"Mathematische Annalen, Volume 55",1845,"Mathematische Annalen, Volume 26",0.935,,
merge_review,1844,"Mathematische Annalen, Volume 55",1847,"Mathematische Annalen, Volume 37",0.935,,
merge_review,1844,"Mathematische Annalen, Volume 55",1867,"Mathematische Annalen, Volume 28",0.935,,
merge_review,1844,"Mathematische Annalen, Volume 55",2055,Mathematische Annalen; Volume 29,0.935,,
merge_review,1845,"Mathematische Annalen, Volume 26",1847,"Mathematische Annalen, Volume 37",0.935,,
merge_review,1845,"Mathematische Annalen, Volume 26",1862,"Mathematische Annalen, Volume 53",0.935,,
merge_review,1845,"Mathematische Annalen, Volume 26",2060,Mathematische Annalen; Volume 15,0.935,,
merge_review,1847,"Mathematische Annalen, Volume 37",1867,"Mathematische Annalen, Volume 28",0.935,,
merge_review,1847,"Mathematische Annalen, Volume 37",2055,Mathematische Annalen; Volume 29,0.935,,
merge_review,1847,"Mathematische Annalen, Volume 37",2060,Mathematische Annalen; Volume 15,0.935,,
merge_review,1862,"Mathematische Annalen, Volume 53",1867,"Mathematische Annalen, Volume 28",0.935,,
merge_review,1862,"Mathematische Annalen, Volume 53",2055,Mathematische Annalen; Volume 29,0.935,,
merge_review,1867,"Mathematische Annalen, Volume 28",2060,Mathematische Annalen; Volume 15,0.935,,
merge_review,1964,"Relativity; The special and the general theory, a popular exposition",1973,Relativity the Special & general Theory a Popular Exposition,0.935,,
merge_review,2055,Mathematische Annalen; Volume 29,2060,Mathematische Annalen; Volume 15,0.935,,
merge_review,1058,"Notes on science, technology and sciences education in the development of the south",1269,"Science, Technology and Science Education in the Development of the South",0.935,,
merge_review,1916,Sur la Théorie de la Relativité Restreinte et Générale,2065,La théorie de la relativité restreinte et généralisée,0.935,,
merge_review,2032,Sur la Théorie de la Relativité Restreinte et Générale,2065,La théorie de la relativité restreinte et généralisée,0.935,,
merge_review,3121,La sensibilit©♭ r©♭flexog©·ne des vaisseaux aux excitants chimiques,3192,La sensibilité réflexogène des vaisseaux aux excitants chimiques.,0.931,,
merge_review,4190,Astrophysics of cosmic rays,4315,The astrophysics of cosmic rays.,0.931,,
merge_review,1909,Realtivity the Special and General Theory,5050,Relativity: The Special and the General Theory,0.930,,
merge_review,4333,Encylopedia of Molecular Biology,4809,The encyclopedia of molecular biology,0.928,,
merge_review,2962,Structure des circonvolutions ce re brales,3003,Structure des circonvolutions cérébrales,0.927,,
merge_review,131,"Molecular spectra and molecular structure: I,. Spectra of diatomic molecules",853,Molecular Spectra and Molecular Structure IV. Constants of Diatomic Molecules,0.926,,
merge_review,4004,Recherches sur une proprie te  nouvelle de la matie  re,4054,Recherches sur une propriété nouvelle de la matière,0.923,,
merge_review,4004,Recherches sur une proprie te  nouvelle de la matie  re,4126,Recherches sur une propriété nouvelle de la matière,0.923,,
merge_review,1598,"The Collected Papers of Albert Einstein, Volume 5: The Swiss Years",1792,"The Collected Papers of Albert Einstein, Volume 15 : The Berlin Years",0.923,,
merge_review,1657,Le traitement des plaies infectées,1904,Traitement des Plaies Infectees,0.923,,
merge_review,3050,"Journal of further explorations in the Kuru Region and in the Kukukuku Country, Eastern Highlands of Eastern New Guinea and of a return to West New Guinea",3087,"Journal of Further Explorations in the Kuru Region and in the Kukukuku Country, Eastern Highlands of Eastern New Guinea and of a Return to West New ... 25, 1963 to May 4, 1964",0.922,,
merge_review,3748,The collected works of Eugene Paul Wigner.,3749,The Collected Works of Eugene Paul Wigner: Part A,0.921,,
merge_review,4039,Die continuita t des gasfo rmigen und flu ssigen zustandes,4046,Die Continuität des gasförmigen und flüssigen Zustandes,0.920,,
merge_review,1634,The principle of relativity,1898,Principle of Relativity,0.920,,
merge_review,2706,The Possible & The Actual,3625,The possible and the actual,0.920,,
merge_review,1898,Principle of Relativity,2146,The principle of relativity,0.920,,
merge_review,1965,Religion of a scientist,2172,The religion of a scientist,0.920,,
merge_review,3857,"Gutachten zum internationalen und auslandischen Privatrecht, 1982",3858,Gutachten zum internationalen und auslandischen Privatrecht 1987 und 1988,0.920,,
merge_review,3275,"Untersuchungen über Aminosäuren, Polypeptide und Proteine (1899-1906)",3281,"Untersuchungen über Aminosäuren, Polypeptide und Proteine",0.918,,
merge_review,3275,"Untersuchungen über Aminosäuren, Polypeptide und Proteine (1899-1906)",3320,"Untersuchungen über Aminosäuren, Polypeptide und Proteïne II (1907-19)",0.917,,
merge_review,1069,Gauge Unification of Fundamental Forces,1099,Unification of Fundamental Forces,0.917,,
merge_review,1069,Gauge Unification of Fundamental Forces,1326,Unification of Fundamental Forces,0.917,,
merge_review,1430,The language of the bees,3615,The language of the gene,0.917,,
merge_review,1485,Correspondance 1916-1955,1628,"Correspondance, 1903-1955",0.917,,
merge_review,1595,"The Collected Papers of Albert Einstein, Volume 2: The Swiss Years",1599,The Collected Papers of Albert Einstein: Volume 7: The Berlin Years,0.915,,
merge_review,1595,"The Collected Papers of Albert Einstein, Volume 2: The Swiss Years",1600,"The Collected Papers of Albert Einstein, Volume 8 : The Berlin Years",0.915,,
merge_review,1595,"The Collected Papers of Albert Einstein, Volume 2: The Swiss Years",1601,"The Collected Papers of Albert Einstein, Volume 9: The Berlin Years",0.915,,
merge_review,1596,"The Collected Papers of Albert Einstein, Volume 3: The Swiss Years",1599,The Collected Papers of Albert Einstein: Volume 7: The Berlin Years,0.915,,
merge_review,1596,"The Collected Papers of Albert Einstein, Volume 3: The Swiss Years",1600,"The Collected Papers of Albert Einstein, Volume 8 : The Berlin Years",0.915,,
merge_review,1596,"The Collected Papers of Albert Einstein, Volume 3: The Swiss Years",1601,"The Collected Papers of Albert Einstein, Volume 9: The Berlin Years",0.915,,
merge_review,1597,"The Collected Papers of Albert Einstein, Volume 4: The Swiss Years",1599,The Collected Papers of Albert Einstein: Volume 7: The Berlin Years,0.915,,
merge_review,1597,"The Collected Papers of Albert Einstein, Volume 4: The Swiss Years",1600,"The Collected Papers of Albert Einstein, Volume 8 : The Berlin Years",0.915,,
merge_review,1597,"The Collected Papers of Albert Einstein, Volume 4: The Swiss Years",1601,"The Collected Papers of Albert Einstein, Volume 9: The Berlin Years",0.915,,
merge_review,1598,"The Collected Papers of Albert Einstein, Volume 5: The Swiss Years",1599,The Collected Papers of Albert Einstein: Volume 7: The Berlin Years,0.915,,
merge_review,1598,"The Collected Papers of Albert Einstein, Volume 5: The Swiss Years",1600,"The Collected Papers of Albert Einstein, Volume 8 : The Berlin Years",0.915,,
merge_review,1598,"The Collected Papers of Albert Einstein, Volume 5: The Swiss Years",1601,"The Collected Papers of Albert Einstein, Volume 9: The Berlin Years",0.915,,
merge_review,1545,The new quotable Einstein,1556,The quotable Einstein,0.913,,
merge_review,3289,Die praktischen Ziele der Blutserumtherapie und die Immunisirungsmethoden zum Zweck der ..,3313,Die praktischen Ziele der Blutserumtherapie und die Immunisirungsmethoden,0.912,,
merge_review,1848,Collected Papers of Albert Einstein : The Berlin Years,2062,"Collected Papers of Albert Einstein, Volume 17 : The Berlin Years",0.912,,
merge_review,3996,Alpha- beta- and gamma-ray spectroscopy,4097,BETA AND GAMMA RAY SPECTROSCOPY,0.912,,
merge_review,3996,Alpha- beta- and gamma-ray spectroscopy,4128,Beta- and gamma-ray spectroscopy.,0.912,,
merge_review,4097,BETA AND GAMMA RAY SPECTROSCOPY,4221,Alpha-beta and gamma-ray spectroscopy,0.912,,
merge_review,4128,Beta- and gamma-ray spectroscopy.,4221,Alpha-beta and gamma-ray spectroscopy,0.912,,
merge_review,1620,The Theory Of Relativity,1940,Theory of Relativity,0.909,,
merge_review,1620,The Theory Of Relativity,2034,Theory of Relativity,0.909,,
merge_review,2019,Evolution of Physics,5053,The Evolution of Physics,0.909,,
merge_review,2050,Evolution Of Physics,5053,The Evolution of Physics,0.909,,
merge_review,1849,Collected Papers of Albert Einstein,1850,Collected Papers of Albert Einstein Vol. 14,0.909,,
merge_review,1483,"The Collected Papers of Albert Einstein, Volume 10: The Berlin Years",1595,"The Collected Papers of Albert Einstein, Volume 2: The Swiss Years",0.908,,
merge_review,1483,"The Collected Papers of Albert Einstein, Volume 10: The Berlin Years",1596,"The Collected Papers of Albert Einstein, Volume 3: The Swiss Years",0.908,,
merge_review,1483,"The Collected Papers of Albert Einstein, Volume 10: The Berlin Years",1597,"The Collected Papers of Albert Einstein, Volume 4: The Swiss Years",0.908,,
merge_review,1483,"The Collected Papers of Albert Einstein, Volume 10: The Berlin Years",1598,"The Collected Papers of Albert Einstein, Volume 5: The Swiss Years",0.908,,
merge_review,1595,"The Collected Papers of Albert Einstein, Volume 2: The Swiss Years",1792,"The Collected Papers of Albert Einstein, Volume 15 : The Berlin Years",0.908,,
merge_review,1596,"The Collected Papers of Albert Einstein, Volume 3: The Swiss Years",1792,"The Collected Papers of Albert Einstein, Volume 15 : The Berlin Years",0.908,,
merge_review,1597,"The Collected Papers of Albert Einstein, Volume 4: The Swiss Years",1792,"The Collected Papers of Albert Einstein, Volume 15 : The Berlin Years",0.908,,
merge_review,4327,Brenner's Encyclopedia of Genetics,4399,Brenner's Online Encyclopedia of Genetics,0.907,,
merge_review,1565,Sobre la teoría de la relatividad especial y general,1939,Teoría de la Relatividad Especial y General,0.905,,
merge_review,1882,Sobre la teoría de la relatividad especial y general,1939,Teoría de la Relatividad Especial y General,0.905,,
merge_review,3858,Gutachten zum internationalen und auslandischen Privatrecht 1987 und 1988,3859,Gutachten zum internationalen und ausländischen Privatrecht 1969,0.905,,
merge_review,3858,Gutachten zum internationalen und auslandischen Privatrecht 1987 und 1988,3860,Gutachten zum internationalen und ausländischen Privatrecht 1975,0.905,,
merge_review,3858,Gutachten zum internationalen und auslandischen Privatrecht 1987 und 1988,3861,"Gutachten zum internationalen und ausländischen Privatrecht, 1976",0.905,,
merge_review,4636,A revision of the atomic weight of nickel,4659,A revision of the atomic weight of cobalt,0.902,,
merge_review,3276,Untersuchungen über Kohlenhydrate und Fermente.,3277,Untersuchungen über Kohlenhydrate und Fermente  (1884-1919),0.902,,
merge_review,3277,Untersuchungen über Kohlenhydrate und Fermente  (1884-1919),3312,Untersuchungen über kohlenhydrate und fermente ...,0.902,,
merge_review,2271,Volume 7: Foundations of Quantum Physics I (1933–1958),2493,Volume 6: Foundations of Quantum Physics I (1926–1932),0.902,,
merge_review,1557,Relativita,1784,Relativity,0.900,,
merge_review,1557,Relativita,1785,Relativity,0.900,,
merge_review,1557,Relativita,1797,Relativity,0.900,,
merge_review,1557,Relativita,1805,Relativity,0.900,,
merge_review,1557,Relativita,1861,Relativity,0.900,,
merge_review,1557,Relativita,1915,Relativity,0.900,,
merge_review,1557,Relativita,1941,Relativity,0.900,,
merge_review,1557,Relativita,2025,Relativity,0.900,,
merge_review,1557,Relativita,2035,Relativity,0.900,,
merge_review,1557,Relativita,2136,Relativity,0.900,,
merge_review,1557,Relativita,2486,Relativité,0.900,,
merge_review,3571,Lightness of Being,3600,The lightness of being,0.900,,
merge_review,1784,Relativity,2486,Relativité,0.900,,
merge_review,1785,Relativity,2486,Relativité,0.900,,
merge_review,1797,Relativity,2486,Relativité,0.900,,
merge_review,1805,Relativity,2486,Relativité,0.900,,
merge_review,1861,Relativity,2486,Relativité,0.900,,
merge_review,1893,Aether und Relativitaetstheorie,2109,Äther und Relativitätstheorie,0.900,,
merge_review,1915,Relativity,2486,Relativité,0.900,,
merge_review,1941,Relativity,2486,Relativité,0.900,,
merge_review,2025,Relativity,2486,Relativité,0.900,,
merge_review,2035,Relativity,2486,Relativité,0.900,,
merge_review,2136,Relativity,2486,Relativité,0.900,,
merge_review,164,The revolution in physics,5053,The Evolution of Physics,0.898,,
merge_review,3281,"Untersuchungen über Aminosäuren, Polypeptide und Proteine",3320,"Untersuchungen über Aminosäuren, Polypeptide und Proteïne II (1907-19)",0.894,,
merge_review,3044,"Journal of an expedition to the western Caroline Islands, August 26 to October 6, 1964",3045,"Journal of an expedition to the western Caroline Islands, September 4 to October 1, 1961",0.894,,
merge_review,3021,Advances in Prostaglandin and Leukotriene Research,3105,Advances in Prostaglandin Thromboxane and Leukotriene Research,0.893,,
merge_review,3021,Advances in Prostaglandin and Leukotriene Research,3198,"Advances in Prostaglandin, Thromboxane, and Leukotriene Research",0.893,,
merge_review,3996,Alpha- beta- and gamma-ray spectroscopy,4485,"ALPHA-, BETA- AND GAMMA-RAY SPECTROSCOPY - VOLUME 1",0.892,,
merge_review,4221,Alpha-beta and gamma-ray spectroscopy,4485,"ALPHA-, BETA- AND GAMMA-RAY SPECTROSCOPY - VOLUME 1",0.892,,
merge_review,3536,Collected papers,4018,The collected papers,0.889,,
merge_review,1594,Collected Papers,4018,The collected papers,0.889,,
merge_review,3411,Collected Papers,4018,The collected papers,0.889,,
merge_review,2347,Collected papers,4018,The collected papers,0.889,,
merge_review,2463,Collected papers,4018,The collected papers,0.889,,
merge_review,1599,The Collected Papers of Albert Einstein: Volume 7: The Berlin Years,1848,Collected Papers of Albert Einstein : The Berlin Years,0.889,,
merge_review,1600,"The Collected Papers of Albert Einstein, Volume 8 : The Berlin Years",1848,Collected Papers of Albert Einstein : The Berlin Years,0.889,,
merge_review,1601,"The Collected Papers of Albert Einstein, Volume 9: The Berlin Years",1848,Collected Papers of Albert Einstein : The Berlin Years,0.889,,
merge_review,4240,Human conceptionin vitro,4471,"Human conception in vitro, 1995",0.889,,
merge_review,2029,Sulla Teoria Della Relatività Speciale e Generale,2031,Sulla Teoria Della Relatività Ristretta e Generale,0.889,,
merge_review,3565,Quantitative organische Mikroanalyse,3567,Quantitative organic microanalysis,0.886,,
merge_review,1639,Äther und Relativitäts-Theorie,1893,Aether und Relativitaetstheorie,0.885,,
merge_review,3669,The disordered mind,3690,Disordered Mind,0.882,,
merge_review,1483,"The Collected Papers of Albert Einstein, Volume 10: The Berlin Years",1848,Collected Papers of Albert Einstein : The Berlin Years,0.881,,
merge_review,1792,"The Collected Papers of Albert Einstein, Volume 15 : The Berlin Years",1848,Collected Papers of Albert Einstein : The Berlin Years,0.881,,
merge_review,706,Great encyclopedic dictionary,712,Soviet Encyclopedic Dictionary,0.881,,
merge_review,3745,Collected Works of Eugene Paul Wigner Vol. 7,3748,The collected works of Eugene Paul Wigner.,0.881,,
merge_review,2258,Die Relativitätstheorie. Bd. 1. Die spezielle Relativitätstheorie,2334,Die Relativitätstheorie. Bd. 2. Die allgemeine Relativitätstheorie,0.880,,
merge_review,2258,Die Relativitätstheorie. Bd. 1. Die spezielle Relativitätstheorie,2684,Die Relativitätstheorie. Bd. 2. Die allgemeine Relativitätstheorie,0.880,,
merge_review,2258,Die Relativitätstheorie. Bd. 1. Die spezielle Relativitätstheorie,2801,Die Relativitätstheorie. Bd. 2. Die allgemeine Relativitätstheorie,0.880,,
merge_review,2334,Die Relativitätstheorie. Bd. 2. Die allgemeine Relativitätstheorie,2519,Die Relativitätstheorie. Bd. 1. Die spezielle Relativitätstheorie,0.880,,
merge_review,2519,Die Relativitätstheorie. Bd. 1. Die spezielle Relativitätstheorie,2684,Die Relativitätstheorie. Bd. 2. Die allgemeine Relativitätstheorie,0.880,,
merge_review,2519,Die Relativitätstheorie. Bd. 1. Die spezielle Relativitätstheorie,2801,Die Relativitätstheorie. Bd. 2. Die allgemeine Relativitätstheorie,0.880,,
merge_review,3735,Gutachten Zum Internationalen und Ausländischen Privatrecht,3858,Gutachten zum internationalen und auslandischen Privatrecht 1987 und 1988,0.879,,
merge_review,1485,Correspondance 1916-1955,1901,"Correspondence, 1903-1955",0.875,,
merge_review,1849,Collected Papers of Albert Einstein,1853,"Collected Papers of Albert Einstein, Volume 16",0.875,,
merge_review,682,Notice sur les travaux scientifiques de Pierre Curie,719,Notice sur les travaux scientifiques de Jean Perrin,0.874,,
merge_review,3566,Die quantitative organische Mikroanalyse,3799,Pregl-Roth Quantitative organische Mikroanalyse,0.874,,
merge_review,1511,The evolution of physics from early concepts to relativity and quanta,1955,"The Evolution Of Physics, The Growth of Ideas from Early Concepts to Relativity and Quanta",0.873,,
merge_review,1511,The evolution of physics from early concepts to relativity and quanta,1975,The evolution of physics; the growth of ideas from early concepts to relativity and quanta,0.873,,
merge_review,1790,The Evolution of Physics: From Early Concepts to Relativity and Quanta,1955,"The Evolution Of Physics, The Growth of Ideas from Early Concepts to Relativity and Quanta",0.873,,
merge_review,1790,The Evolution of Physics: From Early Concepts to Relativity and Quanta,1975,The evolution of physics; the growth of ideas from early concepts to relativity and quanta,0.873,,
merge_review,1955,"The Evolution Of Physics, The Growth of Ideas from Early Concepts to Relativity and Quanta",1987,The Evolution of Physics From Early Concepts to Relativity and Quanta,0.873,,
merge_review,1955,"The Evolution Of Physics, The Growth of Ideas from Early Concepts to Relativity and Quanta",2061,The Evolution of Physics from Early Concepts to Relativity and Quanta,0.873,,
merge_review,1955,"The Evolution Of Physics, The Growth of Ideas from Early Concepts to Relativity and Quanta",2070,The evolution of physics from early concepts to relativity and quanta,0.873,,
merge_review,1975,The evolution of physics; the growth of ideas from early concepts to relativity and quanta,1987,The Evolution of Physics From Early Concepts to Relativity and Quanta,0.873,,
merge_review,1975,The evolution of physics; the growth of ideas from early concepts to relativity and quanta,2061,The Evolution of Physics from Early Concepts to Relativity and Quanta,0.873,,
merge_review,1975,The evolution of physics; the growth of ideas from early concepts to relativity and quanta,2070,The evolution of physics from early concepts to relativity and quanta,0.873,,
merge_review,1595,"The Collected Papers of Albert Einstein, Volume 2: The Swiss Years",2062,"Collected Papers of Albert Einstein, Volume 17 : The Berlin Years",0.873,,
merge_review,1596,"The Collected Papers of Albert Einstein, Volume 3: The Swiss Years",2062,"Collected Papers of Albert Einstein, Volume 17 : The Berlin Years",0.873,,
merge_review,1597,"The Collected Papers of Albert Einstein, Volume 4: The Swiss Years",2062,"Collected Papers of Albert Einstein, Volume 17 : The Berlin Years",0.873,,
merge_review,1598,"The Collected Papers of Albert Einstein, Volume 5: The Swiss Years",2062,"Collected Papers of Albert Einstein, Volume 17 : The Berlin Years",0.873,,
merge_review,1269,"Science, Technology and Science Education in the Development of the South",1286,"Science, Technology and Science Education in the Development of the South Muhammad Abdus Salam",0.873,,
merge_review,174,Einstein's Collected Works,1502,Einstein's collected writings,0.873,,
merge_review,1512,The expanded quotable Einstein,1545,The new quotable Einstein,0.873,,
merge_review,665,Lectures on Quantum Mechanics,3328,Notes on quantum mechanics,0.873,,
merge_review,2786,Lectures on Quantum Mechanics,3328,Notes on quantum mechanics,0.873,,
merge_review,665,Lectures on Quantum Mechanics,3413,Notes on quantum mechanics,0.873,,
merge_review,2786,Lectures on Quantum Mechanics,3413,Notes on quantum mechanics,0.873,,
merge_review,3314,Molecular cell biology,4257,Molecular biology,0.872,,
merge_review,3717,"Four Lectures on Wave Mechanics, Delivered at the Royal Institution, London, on 5th, 7th, 12th, and 14th March, 1928",3893,"Four lectures on wave mechanics delivered at the Royal Institution, London... March, 1928.",0.870,,
merge_review,4121,Problemy khimicheskoĭ kinetiki,4503,Osnovnye problemy khimicheskoĭ kinetiki,0.870,,
merge_review,4183,"Encyclopedia of Human Biology, 2",4390,Encyclopedia of Human Biology/Vols 7-8,0.870,,
merge_review,1834,La relativité,2486,Relativité,0.870,,
merge_review,957,"Atomic Interaction in Penetration Phenomena, by Aage Bohr",5020,Atomic interaction in penetration phenomena,0.869,,
merge_review,3565,Quantitative organische Mikroanalyse,3799,Pregl-Roth Quantitative organische Mikroanalyse,0.867,,
merge_review,4328,Mindful Brain,4559,The mindful brain,0.867,,
merge_review,4444,Common Thread,4812,The common thread,0.867,,
merge_review,2334,Die Relativitätstheorie. Bd. 2. Die allgemeine Relativitätstheorie,2661,Die Relativitätstheorie. Band 1: Die spezielle Relativitätstheorie,0.866,,
merge_review,2661,Die Relativitätstheorie. Band 1: Die spezielle Relativitätstheorie,2684,Die Relativitätstheorie. Bd. 2. Die allgemeine Relativitätstheorie,0.866,,
merge_review,2661,Die Relativitätstheorie. Band 1: Die spezielle Relativitätstheorie,2801,Die Relativitätstheorie. Bd. 2. Die allgemeine Relativitätstheorie,0.866,,
merge_review,4124,Encyclopedia of human biology,4390,Encyclopedia of Human Biology/Vols 7-8,0.866,,
merge_review,4226,Encyclopedia of human biology,4390,Encyclopedia of Human Biology/Vols 7-8,0.866,,
merge_review,940,"Report on the Training of V-aid Development Officers in Community Development, September - December 1960",1251,Report on the Training of V-AID Development Officers in Community Development,0.865,,
merge_review,884,Annual Review of Nuclear Science,3389,Annual Review of Nuclear Science Volume 11,0.865,,
merge_review,822,Sei pezzi meno facili,823,Sei pezzi facili,0.865,,
merge_review,3863,Internationales Erbrecht,3865,Internationales Privatrecht,0.863,,
merge_review,682,Notice sur les travaux scientifiques de Pierre Curie,4142,Notice sur les travaux scientifiques de M. Henri Becquerel,0.862,,
merge_review,3874,Essentials of Neural Science,3900,Essentials Neural Science Beha,0.862,,
merge_review,4721,Woerterbuch der Industiellen Technik Deutch Portugiesisch (Diccionario de Tecnica Industrial Alemao Portugues,4724,Woerterbuch der Industriellen Technik Portugiesich-Deutch (Diccionario de Tecnica Industrial Portugues Alemao,0.861,,
merge_review,2997,Advances in Prostaglandin and Thromboxane Research,3021,Advances in Prostaglandin and Leukotriene Research,0.860,,
merge_review,3021,Advances in Prostaglandin and Leukotriene Research,3199,Advances in Prostaglandin and Thromboxane Research,0.860,,
merge_review,992,Struktur der Atomkerne,4026,Struktur der Materie,0.857,,
merge_review,1019,Struktur der Atomkerne,4026,Struktur der Materie,0.857,,
merge_review,1161,Struktur der Atomkerne,4026,Struktur der Materie,0.857,,
merge_review,1177,Struktur der Atomkerne,4026,Struktur der Materie,0.857,,
merge_review,1238,Struktur der Atomkerne,4026,Struktur der Materie,0.857,,
merge_review,1257,Struktur der Atomkerne,4026,Struktur der Materie,0.857,,
merge_review,1259,Struktur der Atomkerne,4026,Struktur der Materie,0.857,,
merge_review,1860,Living State,5060,The living state,0.857,,
merge_review,3030,Bernardo A. Houssay,3168,Bernardo Alberto Houssay,0.857,,
merge_review,3031,Bernardo A. Houssay,3168,Bernardo Alberto Houssay,0.857,,
merge_review,3360,Personaggi e scoperte nella fisica classica,3429,Personaggi e scoperte della fisica,0.857,,
merge_review,3745,Collected Works of Eugene Paul Wigner Vol. 7,3749,The Collected Works of Eugene Paul Wigner: Part A,0.857,,
merge_review,2206,Argonne National Laboratory,2575,Oak Ridge National Laboratory,0.857,,
merge_review,2337,Rice University,2574,Princeton University,0.857,,
merge_review,2447,Argonne National Laboratory,2575,Oak Ridge National Laboratory,0.857,,
merge_review,2537,Argonne National Laboratory,2575,Oak Ridge National Laboratory,0.857,,
merge_review,2544,Rice University,2574,Princeton University,0.857,,
merge_review,4455,The collected reprints from 1952 - 1958 of Robert Burns Woodward,4549,The collected reprints from 1934-1952 of Robert Burns Woodward (10 April 1917- ).,0.855,,
merge_review,2158,"Chemical wave transmission in nerve, by A. V. Hill...",5097,Chemical wave transmission in nerve,0.854,,
merge_review,4457,"Anemia, etiology and treatment",4637,"Anemia: Etiology, diagnosis and treatment",0.853,,
merge_review,3996,Alpha- beta- and gamma-ray spectroscopy,4480,"Alpha-, Beta-, and Gamma-Ray Spectroscopy, 2 Volume Set",0.851,,
merge_review,4221,Alpha-beta and gamma-ray spectroscopy,4480,"Alpha-, Beta-, and Gamma-Ray Spectroscopy, 2 Volume Set",0.851,,
merge_review,946,Nuclear Structure,1059,Nuclear structure. Vol. 1,0.850,,
merge_review,946,Nuclear Structure,1302,Nuclear structure. vol. 2,0.850,,
merge_review,1001,Nuclear structure,1059,Nuclear structure. Vol. 1,0.850,,
merge_review,1001,Nuclear structure,1302,Nuclear structure. vol. 2,0.850,,
merge_review,1026,Nuclear structure,1059,Nuclear structure. Vol. 1,0.850,,
merge_review,1026,Nuclear structure,1302,Nuclear structure. vol. 2,0.850,,
merge_review,1030,Nuclear Structure,1059,Nuclear structure. Vol. 1,0.850,,
merge_review,1030,Nuclear Structure,1302,Nuclear structure. vol. 2,0.850,,
merge_review,1059,Nuclear structure. Vol. 1,1076,Nuclear Structure,0.850,,
merge_review,1059,Nuclear structure. Vol. 1,1080,Nuclear Structure,0.850,,
merge_review,1059,Nuclear structure. Vol. 1,1095,Nuclear Structure,0.850,,
merge_review,1059,Nuclear structure. Vol. 1,1097,Nuclear Structure,0.850,,
merge_review,1059,Nuclear structure. Vol. 1,1243,Nuclear Structure,0.850,,
merge_review,1059,Nuclear structure. Vol. 1,1332,Nuclear Structure,0.850,,
merge_review,9,Nuclear Structure,1059,Nuclear structure. Vol. 1,0.850,,
merge_review,836,Nuclear Structure,1059,Nuclear structure. Vol. 1,0.850,,
merge_review,1076,Nuclear Structure,1302,Nuclear structure. vol. 2,0.850,,
merge_review,1080,Nuclear Structure,1302,Nuclear structure. vol. 2,0.850,,
merge_review,1095,Nuclear Structure,1302,Nuclear structure. vol. 2,0.850,,
merge_review,1097,Nuclear Structure,1302,Nuclear structure. vol. 2,0.850,,
merge_review,1243,Nuclear Structure,1302,Nuclear structure. vol. 2,0.850,,
merge_review,1302,Nuclear structure. vol. 2,1332,Nuclear Structure,0.850,,
merge_review,9,Nuclear Structure,1302,Nuclear structure. vol. 2,0.850,,
merge_review,836,Nuclear Structure,1302,Nuclear structure. vol. 2,0.850,,
merge_review,1425,Reflections on life,2539,Reflections on muscle.,0.850,,
merge_review,1759,Reflections on life,2539,Reflections on muscle.,0.850,,
merge_review,1863,Na Teoria Da Relatividade Especial e Geral,1939,Teoría de la Relatividad Especial y General,0.847,,
merge_review,1939,Teoría de la Relatividad Especial y General,2030,Na Teoria Da Relatividade Especial e Geral,0.847,,
merge_review,144,General theory of relativity,1620,The Theory Of Relativity,0.846,,
merge_review,1620,The Theory Of Relativity,2693,General Theory of Relativity,0.846,,
merge_review,2258,Die Relativitätstheorie. Bd. 1. Die spezielle Relativitätstheorie,2319,Die Relativitätstheorie II. Die allgemeine Relativitätstheorie,0.846,,
merge_review,2319,Die Relativitätstheorie II. Die allgemeine Relativitätstheorie,2519,Die Relativitätstheorie. Bd. 1. Die spezielle Relativitätstheorie,0.846,,
merge_review,1100,"Electric Dipole Moment Associated with Octupole Vibrations of a Spheroidal Nucleus. Aage Bohr and Ben R. Mottelson,...",1331,Electric dipole moment associated with octupole vibrations of a spheroidal nucleus,0.845,,
merge_review,130,"Molecular spectra and molecular structure: II,. Infrared and Raman spectra of polyatomic molecules",131,"Molecular spectra and molecular structure: I,. Spectra of diatomic molecules",0.845,,
merge_review,3658,Essentials of neural science and behavior,3900,Essentials Neural Science Beha,0.845,,
merge_review,3664,Essentials of neural science and behavior,3900,Essentials Neural Science Beha,0.845,,
merge_review,10,4D electron microscopy,5066,The electron microscope,0.844,,
merge_review,2209,University of California Berkeley,2256,"University of California, Irvine",0.844,,
merge_review,2209,University of California Berkeley,2339,"University of California, Irvine",0.844,,
merge_review,2209,University of California Berkeley,2591,"University of California, Irvine",0.844,,
merge_review,2209,University of California Berkeley,2738,"University of California, Irvine",0.844,,
merge_review,1726,Experimental determination of the velocity of light,2074,Experimental determination of the velocity of light / Albert A. Michelson,0.843,,
merge_review,1746,Experimental determination of the velocity of light,2074,Experimental determination of the velocity of light / Albert A. Michelson,0.843,,
merge_review,1906,Experimental Determination of the Velocity of Light,2074,Experimental determination of the velocity of light / Albert A. Michelson,0.843,,
merge_review,4410,Diatomic Molecules,4411,Polyatomic Molecules,0.842,,
merge_review,4410,Diatomic Molecules,4697,Polyatomic molecules,0.842,,
merge_review,4411,Polyatomic Molecules,4695,Diatomic molecules,0.842,,
merge_review,4695,Diatomic molecules,4697,Polyatomic molecules,0.842,,
merge_review,3021,Advances in Prostaglandin and Leukotriene Research,3082,"Recent Advances in Prostaglandin, Thromboxane, and Leukotriene Research",0.840,,
merge_review,4582,A symposium on respiratory enzymes,4682,A Symposium on Respiratory Enzymes. Contributors,0.840,,
merge_review,3536,Collected papers,3708,Selected papers,0.839,,
merge_review,3536,Collected papers,4645,Selected papers,0.839,,
merge_review,1594,Collected Papers,3708,Selected papers,0.839,,
merge_review,1594,Collected Papers,4645,Selected papers,0.839,,
merge_review,4124,Encyclopedia of human biology,4808,Encyclopedia of molecular biology,0.839,,
merge_review,4226,Encyclopedia of human biology,4808,Encyclopedia of molecular biology,0.839,,
merge_review,3411,Collected Papers,3708,Selected papers,0.839,,
merge_review,2347,Collected papers,3708,Selected papers,0.839,,
merge_review,2463,Collected papers,3708,Selected papers,0.839,,
merge_review,3411,Collected Papers,4645,Selected papers,0.839,,
merge_review,2347,Collected papers,4645,Selected papers,0.839,,
merge_review,2463,Collected papers,4645,Selected papers,0.839,,
merge_review,3566,Die quantitative organische Mikroanalyse,3567,Quantitative organic microanalysis,0.838,,
merge_review,3082,"Recent Advances in Prostaglandin, Thromboxane, and Leukotriene Research",3201,"Trends in Eicosanoid Biology (Advances in Prostaglandin, Thromboxane, and Leukotriene Research)",0.838,,
merge_review,776,Experimental embryology. --,777,Experimental zoölogy,0.837,,
merge_review,776,Experimental embryology. --,778,Experimental zoölogy,0.837,,
merge_review,2720,The Architecture of Molecules,4025,The structure of molecules,0.836,,
merge_review,1545,The new quotable Einstein,1714,The ultimate quotable Einstein,0.836,,
merge_review,3874,Essentials of Neural Science,3875,Essentials of Neural Science Value Pack,0.836,,
merge_review,3360,Personaggi e scoperte nella fisica classica,3361,Personaggi e scoperte nella fisica contemporanea,0.835,,
merge_review,2278,"The Absorption of Radiation by Multiply Periodic Orbits, and its Relation to the Correspondence Principle and the Rayleigh–Jeans Law. Part I. Some Extensions of the Correspondence Principle",2509,"The Absorption of Radiation by Multiply Periodic Orbits, and its Relation to the Correspondence Principle and the Rayleigh–Jeans Law. Part II. Calculation of Absorption by Multiply Periodic Orbits",0.834,,
merge_review,1647,Studies in optics,4038,Studies in genetics,0.833,,
merge_review,1667,Studies in optics,4038,Studies in genetics,0.833,,
merge_review,1723,Studies in optics,4038,Studies in genetics,0.833,,
merge_review,1747,Studies in optics,4038,Studies in genetics,0.833,,
merge_review,1748,Studies in optics,4038,Studies in genetics,0.833,,
merge_review,1763,Studies in optics,4038,Studies in genetics,0.833,,
merge_review,1647,Studies in optics,4231,Studies in genetics,0.833,,
merge_review,1667,Studies in optics,4231,Studies in genetics,0.833,,
merge_review,1712,Teorii︠a︡ otnositelńosti,4317,O teorii otnositelʹnosti.,0.833,,
merge_review,1723,Studies in optics,4231,Studies in genetics,0.833,,
merge_review,719,Notice sur les travaux scientifiques de Jean Perrin,4142,Notice sur les travaux scientifiques de M. Henri Becquerel,0.833,,
merge_review,1747,Studies in optics,4231,Studies in genetics,0.833,,
merge_review,1748,Studies in optics,4231,Studies in genetics,0.833,,
merge_review,4208,Einführung in die organische Chemie,4353,Einführung in die anorganische Experimentalchemie,0.833,,
merge_review,1763,Studies in optics,4231,Studies in genetics,0.833,,
merge_review,144,General theory of relativity,1940,Theory of Relativity,0.833,,
merge_review,1940,Theory of Relativity,2693,General Theory of Relativity,0.833,,
merge_review,144,General theory of relativity,2034,Theory of Relativity,0.833,,
merge_review,2034,Theory of Relativity,2693,General Theory of Relativity,0.833,,
merge_review,3653,Advances in Pharmacology and Chemotherapy (Advances in Pharmacology),3685,"Advances in Pharmacology, Volume 32 (Advances in Pharmacology)",0.832,,
merge_review,2319,Die Relativitätstheorie II. Die allgemeine Relativitätstheorie,2661,Die Relativitätstheorie. Band 1: Die spezielle Relativitätstheorie,0.832,,
merge_review,1618,Quantentheorie des einatomigen idealen Gases,2096,"Quantentheorie des einatomigen idealen Gases, zweite Abhandlung",0.830,,
merge_review,4585,Pr©♭cis de chimie organique,4789,Traité de chimie organique.,0.830,,
merge_review,1059,Nuclear structure. Vol. 1,1133,Nuclear Structured,0.829,,
merge_review,1133,Nuclear Structured,1302,Nuclear structure. vol. 2,0.829,,
merge_review,1652,Le voyage de Lourdes,1658,The voyage to Lourdes,0.829,,
merge_review,1652,Le voyage de Lourdes,1762,The voyage to Lourdes,0.829,,
merge_review,1281,"Notes on Science, Technology and Science Education in the Development of the South",1286,"Science, Technology and Science Education in the Development of the South Muhammad Abdus Salam",0.828,,
merge_review,1442,Albert Einstein,1771,After Einstein,0.828,,
merge_review,1443,Albert Einstein,1771,After Einstein,0.828,,
merge_review,1486,Correspondencia,1691,Correspondance,0.828,,
merge_review,604,Ether and the Theory of Relativity,1620,The Theory Of Relativity,0.828,,
merge_review,4118,Encyclopedia of genetics,4327,Brenner's Encyclopedia of Genetics,0.828,,
merge_review,3327,Thermodynamics,3613,Thermodynamique,0.828,,
merge_review,3414,Thermodynamics.,3613,Thermodynamique,0.828,,
merge_review,4223,Hydrocarbonation,4412,Hydroboration,0.828,,
merge_review,4223,Hydrocarbonation,4754,Hydroboration,0.828,,
merge_review,1771,After Einstein,1819,Albert Einstein,0.828,,
merge_review,1771,After Einstein,1959,Albert Einstein,0.828,,
merge_review,1771,After Einstein,1961,Albert Einstein,0.828,,
merge_review,2416,Volume 13: Cumulative Subject Index,3744,Cumulative Subject Index,0.828,,
merge_review,929,Fundamentals of Electrical Power Systems Analysis,1264,Fundamentals of Electrical Circuit Analysis,0.826,,
merge_review,1512,The expanded quotable Einstein,1556,The quotable Einstein,0.824,,
merge_review,1556,The quotable Einstein,1714,The ultimate quotable Einstein,0.824,,
merge_review,2981,"Taipei Conference on Prostaglandin and Leukotriene Research (Advances in Prostaglandin, Thromboxane, and Leukotriene Research)",3016,"Ninth International Conference on Prostaglandins and Related Compounds (Advances in Prostaglandin, Thromboxane, and Leukotriene Research)",0.824,,
merge_review,3563,Quantitative organic microanalysis of Fritz Pregl,3564,Quantitative organic microanalysis based on the methods of Fritz Pregl,0.824,,
merge_review,15,Femtochemistry,23,Femtochemistry Vol. 2,0.824,,
merge_review,15,Femtochemistry,24,Femtochemistry Vol. 1,0.824,,
merge_review,23,Femtochemistry Vol. 2,36,Femtochemistry,0.824,,
merge_review,24,Femtochemistry Vol. 1,36,Femtochemistry,0.824,,
merge_review,4586,The present status of rheumatism and arthritis,4623,The problem of rheumatism and arthritis,0.824,,
merge_review,1058,"Notes on science, technology and sciences education in the development of the south",1286,"Science, Technology and Science Education in the Development of the South Muhammad Abdus Salam",0.823,,
merge_review,1853,"Collected Papers of Albert Einstein, Volume 16",2062,"Collected Papers of Albert Einstein, Volume 17 : The Berlin Years",0.822,,
merge_review,1701,Letters on Wave Mechanics,3540,Four lectures on wave mechanics,0.821,,
merge_review,16,Advances in Laser Chemistry,2986,Advances in Protein Chemistry,0.821,,
merge_review,2997,Advances in Prostaglandin and Thromboxane Research,3105,Advances in Prostaglandin Thromboxane and Leukotriene Research,0.821,,
merge_review,2997,Advances in Prostaglandin and Thromboxane Research,3198,"Advances in Prostaglandin, Thromboxane, and Leukotriene Research",0.821,,
merge_review,16,Advances in Laser Chemistry,3006,Advances in Protein Chemistry,0.821,,
merge_review,16,Advances in Laser Chemistry,3007,Advances in Protein Chemistry,0.821,,
merge_review,16,Advances in Laser Chemistry,3073,Advances in Protein Chemistry,0.821,,
merge_review,3105,Advances in Prostaglandin Thromboxane and Leukotriene Research,3199,Advances in Prostaglandin and Thromboxane Research,0.821,,
merge_review,3198,"Advances in Prostaglandin, Thromboxane, and Leukotriene Research",3199,Advances in Prostaglandin and Thromboxane Research,0.821,,
merge_review,671,Annual Review of Cell Biology,828,Annual Review of Physiology,0.821,,
merge_review,1506,Elektron und allgemeine Relativitätstheorie,1624,Zur allgemeinen Relativitätstheorie,0.821,,
merge_review,1810,PHYSICAL SCIENCE TODAY,4224,Physical sciences,0.821,,
merge_review,2004,Biosynthesis of DNA,2008,The synthesis of DNA.,0.821,,
merge_review,855,The God Particle,2785,Beyond the God Particle,0.821,,
split_review,5028,Science theory and man,5028,Science theory and man,0.500,,
split_review,3536,Collected papers,3536,Collected papers,0.500,,
split_review,5032,Radioactive transformations,5032,Radioactive transformations,0.500,,
split_review,5037,"Man, The Unknown",5037,"Man, The Unknown",0.500,,
split_review,3543,"Briefe zur Wellenmechanik: Schrödinger, Planck, Einstein, Lorentz",3543,"Briefe zur Wellenmechanik: Schrödinger, Planck, Einstein, Lorentz",0.500,,
split_review,3544,Schroedinger,3544,Schroedinger,0.500,,
split_review,5043,What Is Life?,5043,What Is Life?,0.500,,
split_review,5044,Nature and the Greeks,5044,Nature and the Greeks,0.500,,
split_review,5046,Meine Weltansicht,5046,Meine Weltansicht,0.500,,
split_review,5049,The Meaning of Relativity (1922),5049,The Meaning of Relativity (1922),0.500,,
split_review,5050,Relativity: The Special and the General Theory,5050,Relativity: The Special and the General Theory,0.500,,
split_review,1634,The principle of relativity,1634,The principle of relativity,0.500,,
split_review,1639,Äther und Relativitäts-Theorie,1639,Äther und Relativitäts-Theorie,0.500,,
split_review,1640,Sidelights on relativity,1640,Sidelights on relativity,0.500,,
split_review,1643,The Born-Einstein letters,1643,The Born-Einstein letters,0.500,,
split_review,5053,The Evolution of Physics,5053,The Evolution of Physics,0.500,,
split_review,5054,The World as I See It,5054,The World as I See It,0.500,,
split_review,5057,Biology of the laboratory mouse,5057,Biology of the laboratory mouse,0.500,,
split_review,1715,Why war?,1715,Why war?,0.500,,
split_review,5063,Innovations,5063,Innovations,0.500,,
split_review,3305,Beyond the age of waste,3305,Beyond the age of waste,0.500,,
split_review,3607,A Beautiful Question: Finding Nature's Deep Design,3607,A Beautiful Question: Finding Nature's Deep Design,0.500,,
split_review,5072,In Search of Memory,5072,In Search of Memory,0.500,,
split_review,4182,Genetics,4182,Genetics,0.500,,
split_review,3006,Advances in Protein Chemistry,3006,Advances in Protein Chemistry,0.500,,
split_review,3007,Advances in Protein Chemistry,3007,Advances in Protein Chemistry,0.500,,
split_review,3013,Making waves,3013,Making waves,0.500,,
split_review,1785,Relativity,1785,Relativity,0.500,,
split_review,3362,Nuclei and particles,3362,Nuclei and particles,0.500,,
split_review,3762,Infectious Diseases,3762,Infectious Diseases,0.500,,
split_review,3763,The character of physical law,3763,The character of physical law,0.500,,
split_review,2013,The golden helix,2013,The golden helix,0.500,,
split_review,4538,THIRD MAN OF THE DOUBLE HELIX: THE AUTOBIOGRAPHY OF MAURICE WILKINS.,4538,THIRD MAN OF THE DOUBLE HELIX: THE AUTOBIOGRAPHY OF MAURICE WILKINS.,0.500,,
split_review,3813,The astonishing hypothesis,3813,The astonishing hypothesis,0.500,,
split_review,5091,The newer alchemy,5091,The newer alchemy,0.500,,
split_review,3822,Letters on Radioactivity (History of Science & Medicine),3822,Letters on Radioactivity (History of Science & Medicine),0.500,,
split_review,2092,Einstein in his own words,2092,Einstein in his own words,0.500,,
split_review,3893,"Four lectures on wave mechanics delivered at the Royal Institution, London... March, 1928.",3893,"Four lectures on wave mechanics delivered at the Royal Institution, London... March, 1928.",0.500,,
split_review,669,“What Do You Care What Other People Think?”,669,“What Do You Care What Other People Think?”,0.500,,
split_review,683,The Self and Its Brain,683,The Self and Its Brain,0.500,,
split_review,865,The Nature of Space and Time,865,The Nature of Space and Time,0.500,,
